scenario,seed,dy,n,alpha_hat,se,alpha_0,se_alpha_0,n_pool,cover
S-A,seed00,1,19178,1.5481572085184374,0.03426828259626379,1.5104238409240127,0.0030003583280352477,191752,1.0
S-A,seed00,2,17840,1.255865575688284,0.038348163199858176,1.2061280537286685,0.003847884946266353,177946,1.0
S-A,seed00,3,15984,0.9973944108009244,0.04639809954028555,1.004387811710042,0.004980795429309839,159174,1.0
S-A,seed00,4,14014,0.9637786037568331,0.05446747481643382,0.9140971752021998,0.006501326399142036,139514,1.0
S-A,seed00,5,12021,0.8874119770006683,0.08122929340125383,0.8558831508174528,0.007877994021157363,119679,1.0
S-A,seed00,6,10025,0.8789400410799572,0.06876652247333671,0.7894625656731209,0.008839466412734531,99989,1.0
S-A,seed00,7,7993,0.8066073537944003,0.07901595805904442,0.7294931050299486,0.009739942672675727,79655,1.0
S-A,seed00,8,6007,0.6246715740345664,0.07534741372308491,0.6706433573822833,0.010640918496425272,59539,1.0
S-A,seed00,9,3980,0.722430009122726,0.11012675747701463,0.6135974220715061,0.011879225044444542,39600,1.0
S-A,seed00,10,2018,0.7066780799973308,0.21363998579779644,0.5555127929020539,0.014638833541489238,19579,1.0
S-A,seed01,1,19087,1.4665577263807992,0.026026013703904463,1.5104238409240127,0.0030003583280352477,191752,1.0
S-A,seed01,2,17794,1.2541621778801606,0.044359623114655945,1.2061280537286685,0.003847884946266353,177946,1.0
S-A,seed01,3,15939,1.0402534639636654,0.043758272914939854,1.004387811710042,0.004980795429309839,159174,1.0
S-A,seed01,4,14035,0.9091966033577714,0.04475558075187562,0.9140971752021998,0.006501326399142036,139514,1.0
S-A,seed01,5,12088,0.9258062563655574,0.07376492548351907,0.8558831508174528,0.007877994021157363,119679,1.0
S-A,seed01,6,10050,0.7949718743083625,0.07407473442113403,0.7894625656731209,0.008839466412734531,99989,1.0
S-A,seed01,7,8070,0.8448813138078276,0.09301624567414912,0.7294931050299486,0.009739942672675727,79655,1.0
S-A,seed01,8,6013,0.7412397797536829,0.11511281662107291,0.6706433573822833,0.010640918496425272,59539,1.0
S-A,seed01,9,4025,0.7521121211518509,0.15454145379841033,0.6135974220715061,0.011879225044444542,39600,1.0
S-A,seed01,10,2001,0.5600995790155449,0.133994412853945,0.5555127929020539,0.014638833541489238,19579,1.0
S-A,seed02,1,19259,1.5126733716703986,0.02945071332705618,1.5104238409240127,0.0030003583280352477,191752,1.0
S-A,seed02,2,17850,1.167339336709756,0.033467891546567465,1.2061280537286685,0.003847884946266353,177946,1.0
S-A,seed02,3,15888,1.0568722393237993,0.04370501901122118,1.004387811710042,0.004980795429309839,159174,1.0
S-A,seed02,4,13910,0.9541103498414872,0.06131994085215626,0.9140971752021998,0.006501326399142036,139514,1.0
S-A,seed02,5,11931,0.8174371027018815,0.055011265296358976,0.8558831508174528,0.007877994021157363,119679,1.0
S-A,seed02,6,9935,0.781897929419392,0.05539478689850357,0.7894625656731209,0.008839466412734531,99989,1.0
S-A,seed02,7,8026,0.6619845623688198,0.06316378777797177,0.7294931050299486,0.009739942672675727,79655,1.0
S-A,seed02,8,6015,0.558527060899942,0.08196959333681113,0.6706433573822833,0.010640918496425272,59539,1.0
S-A,seed02,9,3971,0.6625461639359909,0.14110443600213954,0.6135974220715061,0.011879225044444542,39600,1.0
S-A,seed02,10,1968,0.444621803677036,0.08622204411691871,0.5555127929020539,0.014638833541489238,19579,1.0
S-A,seed03,1,18932,1.5167701839704744,0.03267180610399192,1.5104238409240127,0.0030003583280352477,191752,1.0
S-A,seed03,2,17578,1.2463227535799308,0.04424800333568901,1.2061280537286685,0.003847884946266353,177946,1.0
S-A,seed03,3,15740,0.9497731766054585,0.0441704897545076,1.004387811710042,0.004980795429309839,159174,1.0
S-A,seed03,4,13848,0.848344236188445,0.04782733459703628,0.9140971752021998,0.006501326399142036,139514,1.0
S-A,seed03,5,11832,0.9072128115246489,0.078360677827519,0.8558831508174528,0.007877994021157363,119679,1.0
S-A,seed03,6,9913,0.8308817358267023,0.09867365196512325,0.7894625656731209,0.008839466412734531,99989,1.0
S-A,seed03,7,7925,0.5861166484196961,0.058477395033011796,0.7294931050299486,0.009739942672675727,79655,0.0
S-A,seed03,8,5928,0.6451066896499024,0.08303777151745484,0.6706433573822833,0.010640918496425272,59539,1.0
S-A,seed03,9,3915,0.9013045678656767,0.4236161977731589,0.6135974220715061,0.011879225044444542,39600,1.0
S-A,seed03,10,1926,0.44180226468768297,0.10223202282426835,0.5555127929020539,0.014638833541489238,19579,1.0
S-A,seed04,1,19126,1.5005463881467178,0.030137535520034845,1.5104238409240127,0.0030003583280352477,191752,1.0
S-A,seed04,2,17718,1.1924531860174676,0.03512479633735061,1.2061280537286685,0.003847884946266353,177946,1.0
S-A,seed04,3,15845,1.0522253772986607,0.04344155909208354,1.004387811710042,0.004980795429309839,159174,1.0
S-A,seed04,4,13876,0.9205670178122735,0.048483559626011655,0.9140971752021998,0.006501326399142036,139514,1.0
S-A,seed04,5,11823,0.8382773780355953,0.04551015951487281,0.8558831508174528,0.007877994021157363,119679,1.0
S-A,seed04,6,9878,0.8329055671236021,0.06587550851049154,0.7894625656731209,0.008839466412734531,99989,1.0
S-A,seed04,7,7914,0.620569312799012,0.056974099792426444,0.7294931050299486,0.009739942672675727,79655,1.0
S-A,seed04,8,5996,0.8389266952231065,0.1129919498753886,0.6706433573822833,0.010640918496425272,59539,1.0
S-A,seed04,9,4081,0.8417397081945414,0.15463592563916304,0.6135974220715061,0.011879225044444542,39600,1.0
S-A,seed04,10,2094,0.585418322249576,0.13135539648463854,0.5555127929020539,0.014638833541489238,19579,1.0
S-A,seed05,1,19369,1.5483556103469673,0.03324060420408441,1.5104238409240127,0.0030003583280352477,191752,1.0
S-A,seed05,2,18026,1.2855925565314767,0.04486023664422677,1.2061280537286685,0.003847884946266353,177946,1.0
S-A,seed05,3,16144,1.0408613461077738,0.04824398464285412,1.004387811710042,0.004980795429309839,159174,1.0
S-A,seed05,4,14174,0.9248888360026014,0.04637048815821767,0.9140971752021998,0.006501326399142036,139514,1.0
S-A,seed05,5,12151,0.9492172649960109,0.06208144739814809,0.8558831508174528,0.007877994021157363,119679,1.0
S-A,seed05,6,10110,0.9018287532239725,0.08303329160808244,0.7894625656731209,0.008839466412734531,99989,1.0
S-A,seed05,7,8052,0.751872112618007,0.060449236879554454,0.7294931050299486,0.009739942672675727,79655,1.0
S-A,seed05,8,6011,0.5626876148194321,0.057875751616124224,0.6706433573822833,0.010640918496425272,59539,1.0
S-A,seed05,9,4051,0.5694910312308774,0.10772743466937545,0.6135974220715061,0.011879225044444542,39600,1.0
S-A,seed05,10,2043,0.6193591905781111,0.1325333752071143,0.5555127929020539,0.014638833541489238,19579,1.0
S-A,seed06,1,19164,1.5628953334278002,0.03547874294492749,1.5104238409240127,0.0030003583280352477,191752,1.0
S-A,seed06,2,17869,1.2421320082705345,0.03840556397067118,1.2061280537286685,0.003847884946266353,177946,1.0
S-A,seed06,3,16078,1.036211892293891,0.04790673824232206,1.004387811710042,0.004980795429309839,159174,1.0
S-A,seed06,4,14182,0.9696115839099183,0.0520598343723727,0.9140971752021998,0.006501326399142036,139514,1.0
S-A,seed06,5,12162,0.7934485388492025,0.05269115441823208,0.8558831508174528,0.007877994021157363,119679,1.0
S-A,seed06,6,10095,0.7945201994741148,0.06383422617249077,0.7894625656731209,0.008839466412734531,99989,1.0
S-A,seed06,7,8036,0.6448049989828554,0.05689795124280058,0.7294931050299486,0.009739942672675727,79655,1.0
S-A,seed06,8,6056,0.5685592409995348,0.059679532512188466,0.6706433573822833,0.010640918496425272,59539,1.0
S-A,seed06,9,4059,0.7085596237442995,0.15784330700505877,0.6135974220715061,0.011879225044444542,39600,1.0
S-A,seed06,10,2005,0.6254428465619583,0.1685982709876195,0.5555127929020539,0.014638833541489238,19579,1.0
S-A,seed07,1,19238,1.4716802222133263,0.026813104008623637,1.5104238409240127,0.0030003583280352477,191752,1.0
S-A,seed07,2,17871,1.1968990946707876,0.03504295638630177,1.2061280537286685,0.003847884946266353,177946,1.0
S-A,seed07,3,15982,0.996522131904698,0.03860465956661982,1.004387811710042,0.004980795429309839,159174,1.0
S-A,seed07,4,14007,0.9229034115812507,0.0524832683038154,0.9140971752021998,0.006501326399142036,139514,1.0
S-A,seed07,5,12013,0.8659422784196112,0.06801453307713971,0.8558831508174528,0.007877994021157363,119679,1.0
S-A,seed07,6,10019,0.74349444487449,0.059029123142785134,0.7894625656731209,0.008839466412734531,99989,1.0
S-A,seed07,7,7951,0.7416819487770376,0.07586315068779691,0.7294931050299486,0.009739942672675727,79655,1.0
S-A,seed07,8,5995,0.5590893002710569,0.07591882503737461,0.6706433573822833,0.010640918496425272,59539,1.0
S-A,seed07,9,3994,0.46865739611179535,0.09022343182566583,0.6135974220715061,0.011879225044444542,39600,1.0
S-A,seed07,10,2016,0.40481504180797667,0.1313686991187524,0.5555127929020539,0.014638833541489238,19579,1.0
S-A,seed08,1,19043,1.5426820105768304,0.03345934674495489,1.5104238409240127,0.0030003583280352477,191752,1.0
S-A,seed08,2,17607,1.206605575577096,0.03536610744999129,1.2061280537286685,0.003847884946266353,177946,1.0
S-A,seed08,3,15772,0.9892489575116726,0.040778000804755424,1.004387811710042,0.004980795429309839,159174,1.0
S-A,seed08,4,13828,0.9039636033556893,0.05230737771093526,0.9140971752021998,0.006501326399142036,139514,1.0
S-A,seed08,5,11839,0.7589256150853744,0.05002947543253248,0.8558831508174528,0.007877994021157363,119679,1.0
S-A,seed08,6,9865,0.7484232877883118,0.05112236582295008,0.7894625656731209,0.008839466412734531,99989,1.0
S-A,seed08,7,7871,0.7259565716486589,0.07557600070135183,0.7294931050299486,0.009739942672675727,79655,1.0
S-A,seed08,8,5910,0.6587145017765661,0.10191246842203994,0.6706433573822833,0.010640918496425272,59539,1.0
S-A,seed08,9,3881,0.7126325917306967,0.12065566622736412,0.6135974220715061,0.011879225044444542,39600,1.0
S-A,seed08,10,1976,0.36533431632701796,0.13822692997476255,0.5555127929020539,0.014638833541489238,19579,1.0
S-A,seed09,1,19209,1.5351932308043625,0.03343803780740769,1.5104238409240127,0.0030003583280352477,191752,1.0
S-A,seed09,2,17872,1.2284584652007238,0.038640929724149765,1.2061280537286685,0.003847884946266353,177946,1.0
S-A,seed09,3,16022,1.0355576480162647,0.04195557892581347,1.004387811710042,0.004980795429309839,159174,1.0
S-A,seed09,4,14031,0.9488756845995351,0.047915868983037416,0.9140971752021998,0.006501326399142036,139514,1.0
S-A,seed09,5,12056,1.0531230694662252,0.1511199671892215,0.8558831508174528,0.007877994021157363,119679,1.0
S-A,seed09,6,10049,0.8315658567740548,0.06439790343556809,0.7894625656731209,0.008839466412734531,99989,1.0
S-A,seed09,7,8032,0.9285484789873204,0.13375316502052387,0.7294931050299486,0.009739942672675727,79655,1.0
S-A,seed09,8,6040,0.646035041853895,0.07407333912232529,0.6706433573822833,0.010640918496425272,59539,1.0
S-A,seed09,9,4100,0.5830171986951779,0.0820166902238916,0.6135974220715061,0.011879225044444542,39600,1.0
S-A,seed09,10,2058,0.46877999450223984,0.09628609559992131,0.5555127929020539,0.014638833541489238,19579,1.0
S-B,seed00,1,19002,1.507098150412388,0.0320906214046652,1.512426277400761,0.0030676275146858424,190163,1.0
S-B,seed00,2,17753,1.2822443335149951,0.034877243231279505,1.2430036228878367,0.003906188743953034,177676,1.0
S-B,seed00,3,15990,1.0974636627974872,0.052044164096434205,1.0468356887999262,0.005125832939800396,159581,1.0
S-B,seed00,4,14031,0.8602143042804952,0.040822607022174086,0.9518700072195705,0.006725470952215712,139747,0.0
S-B,seed00,5,11980,0.8985090572685343,0.06168443722385387,0.8713604527676473,0.008114683503376947,120084,1.0
S-B,seed00,6,9965,0.7552102401788615,0.05899021380063274,0.787205506935779,0.00940801594314051,99822,1.0
S-B,seed00,7,7939,0.6421788041971572,0.12833037604111558,0.6855268768058888,0.01066816152569502,79816,1.0
S-B,seed00,8,5929,0.5629795183222824,0.1214225777219091,0.604031262508355,0.012585708026816668,59683,1.0
S-B,seed00,9,3921,0.5680539056510229,0.15016997257051443,0.508622724145059,0.014863333129641247,39812,1.0
S-B,seed00,10,2018,0.2811410666662283,0.09417273406416633,0.4323712164617328,0.023374213829505903,19579,1.0
S-B,seed01,1,19029,1.5251646935853465,0.0348938623113748,1.512426277400761,0.0030676275146858424,190163,1.0
S-B,seed01,2,17758,1.2074141046248574,0.03153842508280526,1.2430036228878367,0.003906188743953034,177676,1.0
S-B,seed01,3,15908,1.029445991926132,0.03793458832821543,1.0468356887999262,0.005125832939800396,159581,1.0
S-B,seed01,4,13958,0.869275019637427,0.042904282240602415,0.9518700072195705,0.006725470952215712,139747,1.0
S-B,seed01,5,11960,0.9618198349673419,0.08324187105064408,0.8713604527676473,0.008114683503376947,120084,1.0
S-B,seed01,6,9963,0.9088314036453293,0.09978814616040811,0.787205506935779,0.00940801594314051,99822,1.0
S-B,seed01,7,7921,0.8637043062686509,0.11267322064869326,0.6855268768058888,0.01066816152569502,79816,1.0
S-B,seed01,8,5928,0.6901437208698856,0.096423426287424,0.604031262508355,0.012585708026816668,59683,1.0
S-B,seed01,9,3994,0.4758208632490165,0.10156308091548881,0.508622724145059,0.014863333129641247,39812,1.0
S-B,seed01,10,2001,0.1982596733995648,0.07607033140952117,0.4323712164617328,0.023374213829505903,19579,0.0
S-B,seed02,1,18623,1.5457006093847756,0.03609535215986485,1.512426277400761,0.0030676275146858424,190163,1.0
S-B,seed02,2,17481,1.2558347985622198,0.03553228428386308,1.2430036228878367,0.003906188743953034,177676,1.0
S-B,seed02,3,15750,1.098602903949644,0.04379472717370883,1.0468356887999262,0.005125832939800396,159581,1.0
S-B,seed02,4,13838,0.9913242080397366,0.047913001257626084,0.9518700072195705,0.006725470952215712,139747,1.0
S-B,seed02,5,11865,0.9091272099089841,0.05817393574765053,0.8713604527676473,0.008114683503376947,120084,1.0
S-B,seed02,6,9800,0.8077977656292911,0.07978153126013707,0.787205506935779,0.00940801594314051,99822,1.0
S-B,seed02,7,7844,0.6660995104189185,0.08106533723512672,0.6855268768058888,0.01066816152569502,79816,1.0
S-B,seed02,8,5893,0.7254094681602715,0.1115420925311588,0.604031262508355,0.012585708026816668,59683,1.0
S-B,seed02,9,3883,0.5981835704695285,0.13721468124576358,0.508622724145059,0.014863333129641247,39812,1.0
S-B,seed02,10,1968,0.3266626947588846,0.14767997202739405,0.4323712164617328,0.023374213829505903,19579,1.0
S-B,seed03,1,19009,1.5516156275860902,0.03562682970541375,1.512426277400761,0.0030676275146858424,190163,1.0
S-B,seed03,2,17783,1.2543556537189275,0.036242122759446355,1.2430036228878367,0.003906188743953034,177676,1.0
S-B,seed03,3,15900,1.125996170244253,0.04747267305896756,1.0468356887999262,0.005125832939800396,159581,1.0
S-B,seed03,4,13945,0.9982872886085357,0.05043913958550489,0.9518700072195705,0.006725470952215712,139747,1.0
S-B,seed03,5,11995,0.791444347672051,0.047288491333207526,0.8713604527676473,0.008114683503376947,120084,1.0
S-B,seed03,6,10025,0.6863766074168559,0.04733308149556782,0.787205506935779,0.00940801594314051,99822,0.0
S-B,seed03,7,7975,0.6591629839473342,0.06720355143148707,0.6855268768058888,0.01066816152569502,79816,1.0
S-B,seed03,8,5887,0.7712478062876906,0.11911531544815536,0.604031262508355,0.012585708026816668,59683,1.0
S-B,seed03,9,3814,0.5817134755105284,0.11411997901949639,0.508622724145059,0.014863333129641247,39812,1.0
S-B,seed03,10,1926,0.4350252312503091,0.17881363028763708,0.4323712164617328,0.023374213829505903,19579,1.0
S-B,seed04,1,19205,1.5793215485855403,0.03920545541841377,1.512426277400761,0.0030676275146858424,190163,1.0
S-B,seed04,2,17966,1.2004072787265025,0.03259825562971028,1.2430036228878367,0.003906188743953034,177676,1.0
S-B,seed04,3,16078,1.0242314047192682,0.03794828483451939,1.0468356887999262,0.005125832939800396,159581,1.0
S-B,seed04,4,14189,0.9945300093269092,0.051402837568413136,0.9518700072195705,0.006725470952215712,139747,1.0
S-B,seed04,5,12166,0.8501333885263628,0.06524464850385771,0.8713604527676473,0.008114683503376947,120084,1.0
S-B,seed04,6,10236,0.8134164727509966,0.08340809170614451,0.787205506935779,0.00940801594314051,99822,1.0
S-B,seed04,7,8278,0.7762569871849047,0.08526927243903183,0.6855268768058888,0.01066816152569502,79816,1.0
S-B,seed04,8,6207,0.826905886690097,0.18298331809952686,0.604031262508355,0.012585708026816668,59683,1.0
S-B,seed04,9,4168,0.42933750051775604,0.08462920703410602,0.508622724145059,0.014863333129641247,39812,1.0
S-B,seed04,10,2094,0.2933093701566888,0.1994802170542866,0.4323712164617328,0.023374213829505903,19579,1.0
S-B,seed05,1,19252,1.5354680503658493,0.03296843867232738,1.512426277400761,0.0030676275146858424,190163,1.0
S-B,seed05,2,17964,1.222720985202279,0.0340134312970367,1.2430036228878367,0.003906188743953034,177676,1.0
S-B,seed05,3,16122,1.1095343954520902,0.05232868155133515,1.0468356887999262,0.005125832939800396,159581,1.0
S-B,seed05,4,14140,0.9469892059933093,0.04907761535664569,0.9518700072195705,0.006725470952215712,139747,1.0
S-B,seed05,5,12111,0.9554588430469387,0.06660821137500796,0.8713604527676473,0.008114683503376947,120084,1.0
S-B,seed05,6,10089,0.7827842050923587,0.07571347611063307,0.787205506935779,0.00940801594314051,99822,1.0
S-B,seed05,7,8127,0.6690040736250902,0.08209548884234506,0.6855268768058888,0.01066816152569502,79816,1.0
S-B,seed05,8,6132,0.6475908110107197,0.10267223672155577,0.604031262508355,0.012585708026816668,59683,1.0
S-B,seed05,9,4090,0.8363977144332476,0.22920381381587887,0.508622724145059,0.014863333129641247,39812,1.0
S-B,seed05,10,2043,0.2702294428869501,0.09414534682060391,0.4323712164617328,0.023374213829505903,19579,1.0
S-B,seed06,1,19052,1.559236185774367,0.03570450111450378,1.512426277400761,0.0030676275146858424,190163,1.0
S-B,seed06,2,17738,1.3012207552466408,0.050798063403443026,1.2430036228878367,0.003906188743953034,177676,1.0
S-B,seed06,3,15848,1.0434801889476903,0.04297281414882827,1.0468356887999262,0.005125832939800396,159581,1.0
S-B,seed06,4,13914,1.1074859611733177,0.08592674501239343,0.9518700072195705,0.006725470952215712,139747,1.0
S-B,seed06,5,11913,0.908435627913605,0.05563627144748534,0.8713604527676473,0.008114683503376947,120084,1.0
S-B,seed06,6,9943,0.7649652311794833,0.06839430130064313,0.787205506935779,0.00940801594314051,99822,1.0
S-B,seed06,7,7960,0.6527261842603755,0.0829365192495853,0.6855268768058888,0.01066816152569502,79816,1.0
S-B,seed06,8,6020,0.5093310265095103,0.06281346346519602,0.604031262508355,0.012585708026816668,59683,1.0
S-B,seed06,9,4027,0.38609099868724195,0.08987203537990245,0.508622724145059,0.014863333129641247,39812,1.0
S-B,seed06,10,2005,0.35235229056108514,0.1154326133902118,0.4323712164617328,0.023374213829505903,19579,1.0
S-B,seed07,1,19221,1.4953390013420216,0.027821972365219234,1.512426277400761,0.0030676275146858424,190163,1.0
S-B,seed07,2,17987,1.2801041797490864,0.0374961971568789,1.2430036228878367,0.003906188743953034,177676,1.0
S-B,seed07,3,16084,1.0705354476196112,0.04366260237971518,1.0468356887999262,0.005125832939800396,159581,1.0
S-B,seed07,4,14073,0.9052227993069878,0.0468205949438299,0.9518700072195705,0.006725470952215712,139747,1.0
S-B,seed07,5,12015,0.8060497472036927,0.05452360155826346,0.8713604527676473,0.008114683503376947,120084,1.0
S-B,seed07,6,10022,0.8284715060280385,0.07742550492349322,0.787205506935779,0.00940801594314051,99822,1.0
S-B,seed07,7,7969,0.6810983679695829,0.07727474842632082,0.6855268768058888,0.01066816152569502,79816,1.0
S-B,seed07,8,5991,0.8079237617373437,0.18215251464075197,0.604031262508355,0.012585708026816668,59683,1.0
S-B,seed07,9,3990,0.5214203010370034,0.10737429459448493,0.508622724145059,0.014863333129641247,39812,1.0
S-B,seed07,10,2016,0.15432118861151378,0.05248253651962605,0.4323712164617328,0.023374213829505903,19579,0.0
S-B,seed08,1,19055,1.5370516072312777,0.03311554417835438,1.512426277400761,0.0030676275146858424,190163,1.0
S-B,seed08,2,17710,1.2460330262397419,0.0345058548263608,1.2430036228878367,0.003906188743953034,177676,1.0
S-B,seed08,3,15890,1.0818565070212844,0.0434752022990351,1.0468356887999262,0.005125832939800396,159581,1.0
S-B,seed08,4,13914,1.045572380254513,0.05516912983797317,0.9518700072195705,0.006725470952215712,139747,1.0
S-B,seed08,5,11960,0.988198061086244,0.06417114623857062,0.8713604527676473,0.008114683503376947,120084,1.0
S-B,seed08,6,10039,0.797103790543719,0.07918818378639488,0.787205506935779,0.00940801594314051,99822,1.0
S-B,seed08,7,8031,0.8331411345146447,0.14721655210251686,0.6855268768058888,0.01066816152569502,79816,1.0
S-B,seed08,8,6057,0.5846618496489719,0.08475658892010482,0.604031262508355,0.012585708026816668,59683,1.0
S-B,seed08,9,4051,0.36754769637846063,0.0703940453035661,0.508622724145059,0.014863333129641247,39812,0.0
S-B,seed08,10,1976,0.8172536383728216,0.6289989460337347,0.4323712164617328,0.023374213829505903,19579,1.0
S-B,seed09,1,19119,1.51779766887403,0.031474581859639826,1.512426277400761,0.0030676275146858424,190163,1.0
S-B,seed09,2,17950,1.3083928994038543,0.04347336063688345,1.2430036228878367,0.003906188743953034,177676,1.0
S-B,seed09,3,16084,1.056018713520741,0.04082125164420937,1.0468356887999262,0.005125832939800396,159581,1.0
S-B,seed09,4,14081,0.9508110880632242,0.06083022924816609,0.9518700072195705,0.006725470952215712,139747,1.0
S-B,seed09,5,12078,0.8655214659246128,0.05336694808812346,0.8713604527676473,0.008114683503376947,120084,1.0
S-B,seed09,6,10018,0.7880567941820422,0.06511973959858677,0.787205506935779,0.00940801594314051,99822,1.0
S-B,seed09,7,8078,0.6240691786536935,0.056654664406670247,0.6855268768058888,0.01066816152569502,79816,1.0
S-B,seed09,8,6103,0.763583294360805,0.147073756256915,0.604031262508355,0.012585708026816668,59683,1.0
S-B,seed09,9,4096,0.590454192501056,0.11707403455953487,0.508622724145059,0.014863333129641247,39812,1.0
S-B,seed09,10,2058,0.679963097449259,0.37623674317048283,0.4323712164617328,0.023374213829505903,19579,1.0
S-C,seed00,1,19178,2.062812696811345,0.04709189137015588,2.0085711117347382,0.004239935265378656,191752,1.0
S-C,seed00,2,17840,1.7079783753615199,0.05264127491878831,1.6487377747038214,0.0055057402739517244,177946,1.0
S-C,seed00,3,15984,1.4052452367420365,0.06854523707659779,1.4117702319770542,0.007171352096799005,159174,1.0
S-C,seed00,4,14014,1.3804344531908306,0.0757143217789184,1.3200642292037443,0.009517885238985245,139514,1.0
S-C,seed00,5,12021,1.3117350433964674,0.11776574243555435,1.2730413203600597,0.011860991457166476,119679,1.0
S-C,seed00,6,10025,1.346757035230714,0.10631516126810295,1.2056894810894812,0.01357965347995018,99989,1.0
S-C,seed00,7,7993,1.261275531372339,0.12305906799575066,1.1455241964563503,0.015347692415438692,79655,1.0
S-C,seed00,8,6007,1.0099999356520435,0.12202306241123016,1.0852123454851073,0.01726544917199372,59539,1.0
S-C,seed00,9,3980,1.2124017388333896,0.18741238895544532,1.0234323525883746,0.019938232571708528,39600,1.0
S-C,seed00,10,2018,1.21266443463104,0.36660768166609436,0.953263764651401,0.0251203388115774,19579,1.0
S-C,seed01,1,19087,1.9430360540458051,0.03482886854546726,2.0085711117347382,0.004239935265378656,191752,1.0
S-C,seed01,2,17794,1.7053409143926284,0.06079094843243381,1.6487377747038214,0.0055057402739517244,177946,1.0
S-C,seed01,3,15939,1.4521754170362386,0.06005001304248622,1.4117702319770542,0.007171352096799005,159174,1.0
S-C,seed01,4,14035,1.3056877484183262,0.0635977139635789,1.3200642292037443,0.009517885238985245,139514,1.0
S-C,seed01,5,12088,1.372199673743208,0.10688570960768973,1.2730413203600597,0.011860991457166476,119679,1.0
S-C,seed01,6,10050,1.2248410217440542,0.11826308963568173,1.2056894810894812,0.01357965347995018,99989,1.0
S-C,seed01,7,8070,1.332487765275891,0.14854722576717025,1.1455241964563503,0.015347692415438692,79655,1.0
S-C,seed01,8,6013,1.1974820926399774,0.18756575068179981,1.0852123454851073,0.01726544917199372,59539,1.0
S-C,seed01,9,4025,1.2572486111563703,0.2625532367856731,1.0234323525883746,0.019938232571708528,39600,1.0
S-C,seed01,10,2001,0.9611347210975252,0.22993533195180058,0.953263764651401,0.0251203388115774,19579,1.0
S-C,seed02,1,19259,2.0170703782076327,0.04017689532045856,2.0085711117347382,0.004239935265378656,191752,1.0
S-C,seed02,2,17850,1.589010230512372,0.04542163318782161,1.6487377747038214,0.0055057402739517244,177946,1.0
S-C,seed02,3,15888,1.486301708488595,0.06340621382984352,1.4117702319770542,0.007171352096799005,159174,1.0
S-C,seed02,4,13910,1.387745421186625,0.09314303752199679,1.3200642292037443,0.009517885238985245,139514,1.0
S-C,seed02,5,11931,1.2147732196094903,0.08726778058739282,1.2730413203600597,0.011860991457166476,119679,1.0
S-C,seed02,6,9935,1.1978667170734145,0.08568075167299503,1.2056894810894812,0.01357965347995018,99989,1.0
S-C,seed02,7,8026,1.0413221132028652,0.09965853141159126,1.1455241964563503,0.015347692415438692,79655,1.0
S-C,seed02,8,6015,0.8935325773239431,0.13088044090458753,1.0852123454851073,0.01726544917199372,59539,1.0
S-C,seed02,9,3971,1.0910976427493915,0.2284930276710848,1.0234323525883746,0.019938232571708528,39600,1.0
S-C,seed02,10,1968,0.7629740661868027,0.1479576193762381,0.953263764651401,0.0251203388115774,19579,1.0
S-C,seed03,1,18932,2.027067527784206,0.04532570885405538,2.0085711117347382,0.004239935265378656,191752,1.0
S-C,seed03,2,17578,1.7111159096313122,0.061783409538364684,1.6487377747038214,0.0055057402739517244,177946,1.0
S-C,seed03,3,15740,1.327062292540709,0.05832539963337967,1.4117702319770542,0.007171352096799005,159174,1.0
S-C,seed03,4,13848,1.2513225754761161,0.07434254242190509,1.3200642292037443,0.009517885238985245,139514,1.0
S-C,seed03,5,11832,1.3420714699484149,0.11196603208634894,1.2730413203600597,0.011860991457166476,119679,1.0
S-C,seed03,6,9913,1.262140047456593,0.14556939984358094,1.2056894810894812,0.01357965347995018,99989,1.0
S-C,seed03,7,7925,0.9255489362970998,0.09240873063816155,1.1455241964563503,0.015347692415438692,79655,0.0
S-C,seed03,8,5928,1.0521534179000676,0.136226752851038,1.0852123454851073,0.01726544917199372,59539,1.0
S-C,seed03,9,3915,1.4803427149409374,0.6853455257368681,1.0234323525883746,0.019938232571708528,39600,1.0
S-C,seed03,10,1926,0.7581357179328753,0.1754308527014836,0.953263764651401,0.0251203388115774,19579,1.0
S-C,seed04,1,19126,2.0041852324167175,0.04111395975826192,2.0085711117347382,0.004239935265378656,191752,1.0
S-C,seed04,2,17718,1.6404852523987135,0.04867292627934664,1.6487377747038214,0.0055057402739517244,177946,1.0
S-C,seed04,3,15845,1.4840119428482668,0.06424665039624841,1.4117702319770542,0.007171352096799005,159174,1.0
S-C,seed04,4,13876,1.3258066188892712,0.07257425393869012,1.3200642292037443,0.009517885238985245,139514,1.0
S-C,seed04,5,11823,1.2322391278220386,0.06611678903523599,1.2730413203600597,0.011860991457166476,119679,1.0
S-C,seed04,6,9878,1.2634252815155833,0.09916512001085367,1.2056894810894812,0.01357965347995018,99989,1.0
S-C,seed04,7,7914,0.9704413028456832,0.08886535057615878,1.1455241964563503,0.015347692415438692,79655,0.0
S-C,seed04,8,5996,1.3489115136964893,0.17859206065981847,1.0852123454851073,0.01726544917199372,59539,1.0
S-C,seed04,9,4081,1.4075058904949718,0.2605106526908775,1.0234323525883746,0.019938232571708528,39600,1.0
S-C,seed04,10,2094,1.0045818582290194,0.22540676175265265,0.953263764651401,0.0251203388115774,19579,1.0
S-C,seed05,1,19369,2.060103832978288,0.044773299861405956,2.0085711117347382,0.004239935265378656,191752,1.0
S-C,seed05,2,18026,1.743845267039994,0.05802789691877165,1.6487377747038214,0.0055057402739517244,177946,1.0
S-C,seed05,3,16144,1.4720359262605394,0.07106179389800595,1.4117702319770542,0.007171352096799005,159174,1.0
S-C,seed05,4,14174,1.341392999048878,0.06991649289862735,1.3200642292037443,0.009517885238985245,139514,1.0
S-C,seed05,5,12151,1.4063219748929736,0.09090661443352327,1.2730413203600597,0.011860991457166476,119679,1.0
S-C,seed05,6,10110,1.388969034964392,0.13227129826603015,1.2056894810894812,0.01357965347995018,99989,1.0
S-C,seed05,7,8052,1.1810325251918736,0.09568980257139954,1.1455241964563503,0.015347692415438692,79655,1.0
S-C,seed05,8,6011,0.907718949213285,0.0934782468501989,1.0852123454851073,0.01726544917199372,59539,1.0
S-C,seed05,9,4051,0.9387372103324324,0.1755341495467051,1.0234323525883746,0.019938232571708528,39600,1.0
S-C,seed05,10,2043,1.0628246211892982,0.2274281813239287,0.953263764651401,0.0251203388115774,19579,1.0
S-C,seed06,1,19164,2.0801164735050284,0.05187321714631006,2.0085711117347382,0.004239935265378656,191752,1.0
S-C,seed06,2,17869,1.6783938053508916,0.04982542389996787,1.6487377747038214,0.0055057402739517244,177946,1.0
S-C,seed06,3,16078,1.4431317957627179,0.06670435361819155,1.4117702319770542,0.007171352096799005,159174,1.0
S-C,seed06,4,14182,1.3946154024687245,0.07340415755596164,1.3200642292037443,0.009517885238985245,139514,1.0
S-C,seed06,5,12162,1.177995208362327,0.07740546785760961,1.2730413203600597,0.011860991457166476,119679,1.0
S-C,seed06,6,10095,1.219207646432616,0.09829239946222118,1.2056894810894812,0.01357965347995018,99989,1.0
S-C,seed06,7,8036,1.0058771309368513,0.08895097497218808,1.1455241964563503,0.015347692415438692,79655,1.0
S-C,seed06,8,6056,0.9156865712827704,0.09589699231241763,1.0852123454851073,0.01726544917199372,59539,1.0
S-C,seed06,9,4059,1.17742024038402,0.2659841016743353,1.0234323525883746,0.019938232571708528,39600,1.0
S-C,seed06,10,2005,1.0732642166047521,0.2893157899672575,0.953263764651401,0.0251203388115774,19579,1.0
S-C,seed07,1,19238,1.9480345323584374,0.03543333276746129,2.0085711117347382,0.004239935265378656,191752,1.0
S-C,seed07,2,17871,1.6297433297856416,0.048416149053118855,1.6487377747038214,0.0055057402739517244,177946,1.0
S-C,seed07,3,15982,1.387754362249156,0.05305423872349463,1.4117702319770542,0.007171352096799005,159174,1.0
S-C,seed07,4,14007,1.3214729126080254,0.0755873917523799,1.3200642292037443,0.009517885238985245,139514,1.0
S-C,seed07,5,12013,1.278484869314673,0.09869048667382128,1.2730413203600597,0.011860991457166476,119679,1.0
S-C,seed07,6,10019,1.1431965585072723,0.09390541650426885,1.2056894810894812,0.01357965347995018,99989,1.0
S-C,seed07,7,7951,1.178206111635685,0.1250854369284975,1.1455241964563503,0.015347692415438692,79655,1.0
S-C,seed07,8,5995,0.9088477047104638,0.12188871621454898,1.0852123454851073,0.01726544917199372,59539,1.0
S-C,seed07,9,3994,0.7779814869290754,0.14829020557054087,1.0234323525883746,0.019938232571708528,39600,1.0
S-C,seed07,10,2016,0.6946653896581384,0.22542958916407713,0.953263764651401,0.0251203388115774,19579,1.0
S-C,seed08,1,19043,2.0561319077106606,0.045810325603822366,2.0085711117347382,0.004239935265378656,191752,1.0
S-C,seed08,2,17607,1.6422350247038182,0.04700910596547053,1.6487377747038214,0.0055057402739517244,177946,1.0
S-C,seed08,3,15772,1.388736608852938,0.058079970001225306,1.4117702319770542,0.007171352096799005,159174,1.0
S-C,seed08,4,13828,1.2975825735810687,0.07576575931208884,1.3200642292037443,0.009517885238985245,139514,1.0
S-C,seed08,5,11839,1.1093752611382957,0.07012923786046381,1.2730413203600597,0.011860991457166476,119679,0.0
S-C,seed08,6,9865,1.1352908581661667,0.07750735312869278,1.2056894810894812,0.01357965347995018,99989,1.0
S-C,seed08,7,7871,1.1414425537445678,0.12019581482303567,1.1455241964563503,0.015347692415438692,79655,1.0
S-C,seed08,8,5910,1.0662838670971173,0.16412084281882738,1.0852123454851073,0.01726544917199372,59539,1.0
S-C,seed08,9,3881,1.1871287933951618,0.19946121460351657,1.0234323525883746,0.019938232571708528,39600,1.0
S-C,seed08,10,1976,0.6269161938087767,0.23719836037543846,0.953263764651401,0.0251203388115774,19579,1.0
S-C,seed09,1,19209,2.0429946694737047,0.045813230996517726,2.0085711117347382,0.004239935265378656,191752,1.0
S-C,seed09,2,17872,1.6868726064036461,0.05614202933687743,1.6487377747038214,0.0055057402739517244,177946,1.0
S-C,seed09,3,16022,1.456387140602898,0.06045329428540222,1.4117702319770542,0.007171352096799005,159174,1.0
S-C,seed09,4,14031,1.3535321459661895,0.06742062579444623,1.3200642292037443,0.009517885238985245,139514,1.0
S-C,seed09,5,12056,1.5365146473004687,0.2062437866764443,1.2730413203600597,0.011860991457166476,119679,1.0
S-C,seed09,6,10049,1.2760390060319915,0.10090258790119191,1.2056894810894812,0.01357965347995018,99989,1.0
S-C,seed09,7,8032,1.4600868332906807,0.20654223967752766,1.1455241964563503,0.015347692415438692,79655,1.0
S-C,seed09,8,6040,1.0421135907033223,0.11854034471712477,1.0852123454851073,0.01726544917199372,59539,1.0
S-C,seed09,9,4100,0.9756132840292171,0.13708502126747218,1.0234323525883746,0.019938232571708528,39600,1.0
S-C,seed09,10,2058,0.8044296874208239,0.16522760078245224,0.953263764651401,0.0251203388115774,19579,1.0
