scenario,dy,design,predictor,n,reps,n_all_zero_Y,alpha_n,alpha_P,V_n,mean_alpha_hat,sd_alpha_hat,coverage_alpha_n,coverage_alpha_n_Vn,coverage_alpha_P,mean_se_plugin,se_Vn,se_over_sd,sd_sqrtn_over_sqrtVn,bias_rel,misses_below,misses_above,mu_Y_folds,m_folds
S-A,1,random,f1,600,2000,0,1.512701144369873,1.512701144369873,19.50547343198326,1.5105733607933653,0.17084266098603312,0.9125,0.966,0.9125,0.1629223825811011,0.1803028629463181,0.9536399260043161,0.9475316042923757,-0.0014066119963133982,167,8,5414.36;5414.36;5414.36,3579.26;3579.26;3579.26
S-A,1,random,f2,600,2000,0,5.257967089599014,5.257967089599014,273.4123190804946,5.267874748832845,0.651478829795819,0.915,0.962,0.915,0.623448129280797,0.6750460713666075,0.9569737353955045,0.9650879509259603,0.0018843136643873297,160,10,5414.36;5414.36;5414.36,1029.74;1029.74;1029.74
S-A,1,random,f1,3000,2000,0,1.512701144369873,1.512701144369873,19.50547343198326,1.5106697538450666,0.08134027724239126,0.9325,0.954,0.9325,0.07765338407020474,0.08063389161715905,0.9546732160599882,1.0087604059665884,-0.001342889527364361,119,16,5414.36;5414.36;5414.36,3579.26;3579.26;3579.26
S-A,1,random,f2,3000,2000,0,5.257967089599014,5.257967089599014,273.4123190804946,5.250609240833991,0.3026278845056925,0.932,0.952,0.932,0.2927957986716605,0.30188978070398176,0.9675109719314479,1.0024449446416819,-0.0013993713995620618,114,22,5414.36;5414.36;5414.36,1029.74;1029.74;1029.74
S-A,1,random,f1,15000,2000,0,1.512701144369873,1.512701144369873,19.50547343198326,1.5134601647309223,0.03708016691835197,0.9425,0.941,0.9425,0.03583468663988961,0.036060572589263616,0.9664111469291705,1.0282744908324588,0.0005017649149498204,80,35,5414.36;5414.36;5414.36,3579.26;3579.26;3579.26
S-A,1,random,f2,15000,2000,0,5.257967089599014,5.257967089599014,273.4123190804946,5.258779241477916,0.14002750886053136,0.937,0.94,0.937,0.1342350865833005,0.13500921427332152,0.9586336833071838,1.037170015500205,0.0001544611948044911,83,43,5414.36;5414.36;5414.36,1029.74;1029.74;1029.74
S-A,2,random,f1,600,2000,0,1.209519688862977,1.209519688862977,25.194622276377604,1.2074221245881553,0.21422591213812947,0.8865,0.945,0.8865,0.18543317755304417,0.20491714698213034,0.865596396356944,1.0454269703296761,-0.0017342125921020685,218,9,3833.1;3833.1;3833.1,3169.11;3169.11;3169.11
S-A,2,random,f2,600,2000,0,7.182296151610542,7.182296151610543,1503.0419124897558,7.38061638450564,1.6922073302538598,0.93,0.943,0.93,1.5664491867328945,1.5827412467455295,0.9256839624361517,1.069162337010814,0.027612371964170098,127,13,3833.1;3833.1;3833.1,533.688;533.688;533.688
S-A,2,random,f1,3000,2000,0,1.209519688862977,1.209519688862977,25.194622276377604,1.207107734342349,0.09187189716951458,0.927,0.9585,0.927,0.08757155574377466,0.09164173408147186,0.9531919818983897,1.0025115531733402,-0.001994142421025985,130,16,3833.1;3833.1;3833.1,3169.11;3169.11;3169.11
S-A,2,random,f2,3000,2000,0,7.182296151610542,7.182296151610543,1503.0419124897558,7.230251456961192,0.708182211259524,0.951,0.9495,0.951,0.700060292548321,0.7078234037031543,0.9885313149891779,1.000506916774004,0.006676876633651081,84,14,3833.1;3833.1;3833.1,533.688;533.688;533.688
S-A,2,random,f1,15000,2000,0,1.209519688862977,1.209519688862977,25.194622276377604,1.2074358333954118,0.04158476815543231,0.9325,0.9485,0.9325,0.040371062758609744,0.04098342939642607,0.970813702933582,1.0146727291459576,-0.0017228785002450172,113,22,3833.1;3833.1;3833.1,3169.11;3169.11;3169.11
S-A,2,random,f2,15000,2000,0,7.182296151610542,7.182296151610543,1503.0419124897558,7.176659264998274,0.3241547838935085,0.943,0.945,0.943,0.3144659165682044,0.31654824934910586,0.9701103676184304,1.024029621266405,-0.000784830713365115,84,30,3833.1;3833.1;3833.1,533.688;533.688;533.688
S-A,3,random,f1,600,2000,0,1.007649905501887,1.007649905501887,30.827424558220685,0.9992097271543321,0.22234069756725963,0.8725,0.9615,0.8725,0.19819251813752367,0.2266694530155482,0.8913910962142638,0.9809027842494876,-0.008376101959093711,248,7,2743.24;2743.24;2743.24,2722.42;2722.42;2722.42
S-A,3,random,f2,600,2000,0,5.0803958425833,5.080395842583299,1045.8676825304765,5.223521346091078,1.4595085165553627,0.892,0.9385,0.892,1.2898430452282301,1.3202699739892068,0.8837516400880168,1.105462174637999,0.028172116492993792,214,2,2743.24;2743.24;2743.24,539.967;539.967;539.967
S-A,3,random,f1,3000,2000,0,1.007649905501887,1.007649905501887,30.827424558220685,1.007125063951623,0.09956411346807617,0.93,0.953,0.93,0.0966852598989528,0.10136966107309209,0.971085429590588,0.9821884813868123,-0.0005208570431043695,129,11,2743.24;2743.24;2743.24,2722.42;2722.42;2722.42
S-A,3,random,f2,3000,2000,0,5.0803958425833,5.080395842583299,1045.8676825304765,5.11095919009538,0.5914722749184327,0.935,0.9535,0.935,0.5798220383597366,0.590442682098349,0.9803029878952437,1.0017437642150542,0.006015938218022492,119,11,2743.24;2743.24;2743.24,539.967;539.967;539.967
S-A,3,random,f1,15000,2000,0,1.007649905501887,1.007649905501887,30.827424558220685,1.0100855232391481,0.04370548318108191,0.955,0.966,0.955,0.04493101451183637,0.04533389060310963,1.0280406768568786,0.964079689601668,0.00241712694454922,69,21,2743.24;2743.24;2743.24,2722.42;2722.42;2722.42
S-A,3,random,f2,15000,2000,0,5.0803958425833,5.080395842583299,1045.8676825304765,5.093360424752563,0.2639447998279504,0.951,0.9485,0.951,0.2632184740507929,0.26405399479784136,0.9972481906154964,0.999586467267899,0.0025518842568515382,76,22,2743.24;2743.24;2743.24,539.967;539.967;539.967
S-A,4,random,f1,600,2000,0,0.9196986540225316,0.9196986540225316,38.07299809925165,0.9179942350227872,0.2518046267240833,0.8745,0.959,0.8745,0.21661194090726668,0.25190275272828216,0.8602381287640942,0.9996104607705312,-0.0018532363750775125,245,6,2180.45;2180.45;2180.45,2370.83;2370.83;2370.83
S-A,4,random,f2,600,2000,0,3.797344720135092,3.797344720135092,700.4556829606787,3.918553859926247,1.2166884192598237,0.8975,0.9335,0.8975,1.0101447319070684,1.0804749595746297,0.8302411002823493,1.1260681318693582,0.03191944601406715,202,3,2180.45;2180.45;2180.45,574.203;574.203;574.203
S-A,4,random,f1,3000,2000,0,0.9196986540225316,0.9196986540225316,38.07299809925165,0.9193044050821858,0.11419382051689374,0.9155,0.958,0.9155,0.10645608656691286,0.11265433576395191,0.9322403443990547,1.0136655614939452,-0.00042867186835757675,155,14,2180.45;2180.45;2180.45,2370.83;2370.83;2370.83
S-A,4,random,f2,3000,2000,0,3.797344720135092,3.797344720135092,700.4556829606787,3.814516268327741,0.48981097075570795,0.919,0.9545,0.919,0.464225529673746,0.4832030915190419,0.9477646630852565,1.0136751592708004,0.004521988246576265,147,15,2180.45;2180.45;2180.45,574.203;574.203;574.203
S-A,4,random,f1,15000,2000,0,0.9196986540225316,0.9196986540225316,38.07299809925165,0.9197549037226989,0.049904398827853594,0.95,0.9555,0.95,0.04979817329684535,0.05038055054565644,0.9978714194839883,0.9905488980837688,6.11610117305746e-05,78,22,2180.45;2180.45;2180.45,2370.83;2370.83;2370.83
S-A,4,random,f2,15000,2000,0,3.797344720135092,3.797344720135092,700.4556829606787,3.7966996342056554,0.21680090309010025,0.9425,0.955,0.9425,0.2142652363269315,0.21609499191492595,0.9883041688155932,1.0032666706845859,-0.0001698781588134334,93,22,2180.45;2180.45;2180.45,574.203;574.203;574.203
S-A,5,random,f1,600,2000,0,0.856988795624219,0.856988795624219,45.85452045846103,0.850178453854063,0.26267288008610906,0.8505,0.9675,0.8505,0.22894587791059895,0.276449273401291,0.8716007447573051,0.9501666503019373,-0.007946827082138789,291,8,1808.17;1808.17;1808.17,2109.91;2109.91;2109.91
S-A,5,random,f2,600,2000,0,4.745485969503238,4.745485969503238,1525.159630371232,4.858751323647676,1.6706925213842305,0.8805,0.947,0.8805,1.4200206265741657,1.5943439770906989,0.8499592883779872,1.0478871218448418,0.02386802002415239,235,4,1808.17;1808.17;1808.17,381.03;381.03;381.03
S-A,5,random,f1,3000,2000,0,0.856988795624219,0.856988795624219,45.85452045846103,0.8586100238652282,0.1218288456494142,0.9215,0.9565,0.9215,0.11690339414254013,0.12363187353114222,0.9595707282571814,0.9854161566088874,0.0018917729721638968,152,5,1808.17;1808.17;1808.17,2109.91;2109.91;2109.91
S-A,5,random,f2,3000,2000,0,4.745485969503238,4.745485969503238,1525.159630371232,4.793896650848477,0.7223933789440646,0.924,0.949,0.924,0.6874140948501616,0.7130123024584339,0.9515786203009877,1.0131569630051056,0.010201417021638817,142,10,1808.17;1808.17;1808.17,381.03;381.03;381.03
S-A,5,random,f1,15000,2000,0,0.856988795624219,0.856988795624219,45.85452045846103,0.8557251572845606,0.054006417025063494,0.937,0.959,0.937,0.05411880415108717,0.055289854680258196,1.0020809957818813,0.9767871038436107,-0.0014745097556824677,109,17,1808.17;1808.17;1808.17,2109.91;2109.91;2109.91
S-A,5,random,f2,15000,2000,0,4.745485969503238,4.745485969503238,1525.159630371232,4.73776517331474,0.3183679881595498,0.938,0.948,0.938,0.31318853330253726,0.3188687954181397,0.9837312322543658,0.9984294253128997,-0.001626976928836313,103,21,1808.17;1808.17;1808.17,381.03;381.03;381.03
S-A,6,random,f1,600,2000,0,0.7982709717128392,0.7982709717128391,52.86834625394038,0.7959892084961806,0.3264176917775546,0.8315,0.957,0.8315,0.24458383843573991,0.2968398733715435,0.7492971263408652,1.0996423360179435,-0.002858381799556959,334,3,1534.72;1534.72;1534.72,1922.55;1922.55;1922.55
S-A,6,random,f2,600,2000,0,7.195775473548889,7.195775473548889,5352.765549462297,7.704365400417821,4.7973471387776785,0.861,0.937,0.861,2.816028886845818,2.986850501074752,0.5869971059803933,1.6061557607424475,0.07067896000069326,266,12,1534.72;1534.72;1534.72,213.28;213.28;213.28
S-A,6,random,f1,3000,2000,0,0.7982709717128392,0.7982709717128391,52.86834625394038,0.7962989514605685,0.13447442432086712,0.9085,0.9535,0.9085,0.12320478258749597,0.13275082705824018,0.9161949062783801,1.0129837026316286,-0.002470364477915796,175,8,1534.72;1534.72;1534.72,1922.55;1922.55;1922.55
S-A,6,random,f2,3000,2000,0,7.195775473548889,7.195775473548889,5352.765549462297,7.25360273067541,1.3753377771930866,0.9165,0.947,0.9165,1.2799822071179041,1.3357601518064905,0.9306675264386377,1.0296292903580564,0.008036278694226785,155,12,1534.72;1534.72;1534.72,213.28;213.28;213.28
S-A,6,random,f1,15000,2000,0,0.7982709717128392,0.7982709717128391,52.86834625394038,0.7983333178683106,0.05866745759386304,0.941,0.9555,0.941,0.057807240852511606,0.059367974674308696,0.9853374123128625,0.9882004214513184,7.810149395465192e-05,109,9,1534.72;1534.72;1534.72,1922.55;1922.55;1922.55
S-A,6,random,f2,15000,2000,0,7.195775473548889,7.195775473548889,5352.765549462297,7.202415971469772,0.5908313406903587,0.9395,0.9555,0.9395,0.5866437406097607,0.5973701002149503,0.9929123595987561,0.9890540897138327,0.0009228328406428361,104,17,1534.72;1534.72;1534.72,213.28;213.28;213.28
S-A,7,random,f1,600,2000,0,0.7353695048354466,0.7353695048354466,58.55563135023656,0.728752991643107,0.3089068432821979,0.8235,0.9565,0.8235,0.25032799220876223,0.31239833372964865,0.8103672600741909,0.9888235945250838,-0.008997535455077314,349,4,1309.15;1309.15;1309.15,1780.26;1780.26;1780.26
S-A,7,random,f2,600,2000,0,11.876473216129073,11.876473216129071,23390.955606009746,13.58238125102552,8.350020819488634,0.8625,0.918,0.8625,6.029657218317775,6.243790996663505,0.7221128364428484,1.3373318908257235,0.14363759374118795,256,19,1309.15;1309.15;1309.15,110.23;110.23;110.23
S-A,7,random,f1,3000,2000,0,0.7353695048354466,0.7353695048354466,58.55563135023656,0.7339993533964023,0.1382981351487236,0.901,0.9565,0.901,0.12890762544136183,0.13970878205543194,0.9320995203784681,0.9899029475029806,-0.0018632149280529186,193,5,1309.15;1309.15;1309.15,1780.26;1780.26;1780.26
S-A,7,random,f2,3000,2000,0,11.876473216129073,11.876473216129071,23390.955606009746,12.211977036925965,3.0179834870621254,0.9125,0.942,0.9125,2.746548660475275,2.792308221168152,0.9100608642325342,1.080820327850327,0.028249448695026345,160,15,1309.15;1309.15;1309.15,110.23;110.23;110.23
S-A,7,random,f1,15000,2000,0,0.7353695048354466,0.7353695048354466,58.55563135023656,0.7353937739572279,0.06396378246927664,0.932,0.9455,0.932,0.06061054982298268,0.06247966674592973,0.9475760732582599,1.0237535793745827,3.300262197676955e-05,119,17,1309.15;1309.15;1309.15,1780.26;1780.26;1780.26
S-A,7,random,f2,15000,2000,0,11.876473216129073,11.876473216129071,23390.955606009746,11.971271584425917,1.3012437844376707,0.9375,0.951,0.9375,1.2381875134978508,1.2487581993327008,0.95154153918432,1.0420302226107636,0.00798203023504501,102,23,1309.15;1309.15;1309.15,110.23;110.23;110.23
S-A,8,random,f1,600,2000,0,0.6740776311742325,0.6740776311742324,62.742990979735815,0.6771296236631091,0.3383444986901443,0.805,0.953,0.805,0.2612012295961253,0.32337540356819505,0.7719978619641551,1.046290147478061,0.004527657272293909,387,3,1130.81;1130.81;1130.81,1677.57;1677.57;1677.57
S-A,8,random,f2,600,2000,0,20.616273946142062,20.616273946142062,115656.92450599483,28.255598458598488,23.734846865200435,0.8405,0.8745,0.8405,14.231597067252707,13.883859004013427,0.5996077054164101,1.709528082814682,0.3705482635908599,262,57,1130.81;1130.81;1130.81,54.8504;54.8504;54.8504
S-A,8,random,f1,3000,2000,0,0.6740776311742325,0.6740776311742324,62.742990979735815,0.6718389247609614,0.15149337811500665,0.882,0.9545,0.882,0.13180093330637302,0.14461787692598244,0.8700111842929262,1.0475425399346943,-0.003321140340128588,227,9,1130.81;1130.81;1130.81,1677.57;1677.57;1677.57
S-A,8,random,f2,3000,2000,0,20.616273946142062,20.616273946142062,115656.92450599483,21.370920178560546,6.6778694713680204,0.911,0.9395,0.911,6.093745387265185,6.209050504599309,0.9125283765118021,1.07550574220993,0.0366043948770724,163,15,1130.81;1130.81;1130.81,54.8504;54.8504;54.8504
S-A,8,random,f1,15000,2000,0,0.6740776311742325,0.6740776311742324,62.742990979735815,0.676228819473075,0.06528538313085505,0.9305,0.9475,0.9305,0.06258228019830488,0.06467508071363902,0.9585955875125647,1.0094364384316468,0.003191306459903137,120,19,1130.81;1130.81;1130.81,1677.57;1677.57;1677.57
S-A,8,random,f2,15000,2000,0,20.616273946142062,20.616273946142062,115656.92450599483,20.890626195207144,2.7729228281265663,0.953,0.9475,0.953,2.7698691938576445,2.7767718008026856,0.9988987669480204,0.998613867846466,0.013307557407405404,79,15,1130.81;1130.81;1130.81,54.8504;54.8504;54.8504
S-A,9,random,f1,600,2000,0,0.6162322293667355,0.6162322293667354,65.47615245862092,0.5998740774551127,0.3128897811117598,0.797,0.967,0.797,0.24516234815664917,0.3303436404176236,0.7835422022590142,0.9471645366509903,-0.02654543389986775,402,4,988.913;988.913;988.913,1604.77;1604.77;1604.77
S-A,9,random,f2,600,2000,0,36.56206611273058,36.56206611273058,613312.3532965158,57.417368655225246,52.99078556168951,0.8095,0.8505,0.8095,29.726306151965566,31.971663320731267,0.5609712299388263,1.657429738018319,0.5704082060951431,301,80,988.913;988.913;988.913,27.0475;27.0475;27.0475
S-A,9,random,f1,3000,2000,0,0.6162322293667355,0.6162322293667354,65.47615245862092,0.614899678609077,0.14991557460976032,0.8935,0.9595,0.8935,0.1335377440750161,0.14773416718171067,0.8907529749502228,1.014765761161848,-0.0021624165276585114,206,7,988.913;988.913;988.913,1604.77;1604.77;1604.77
S-A,9,random,f2,3000,2000,0,36.56206611273058,36.56206611273058,613312.3532965158,40.13007563099972,16.663428603372044,0.8945,0.9125,0.8945,14.081331111689746,14.298162507778354,0.8450440450676652,1.165424479845362,0.09758774318902057,162,49,988.913;988.913;988.913,27.0475;27.0475;27.0475
S-A,9,random,f1,15000,2000,0,0.6162322293667355,0.6162322293667354,65.47615245862092,0.6150896278886735,0.06589621792538018,0.9425,0.953,0.9425,0.06344293282988411,0.06606872808352472,0.9627704719218616,0.9973889287239425,-0.001854173513832897,106,9,988.913;988.913;988.913,1604.77;1604.77;1604.77
S-A,9,random,f2,15000,2000,0,36.56206611273058,36.56206611273058,613312.3532965158,37.471038755857634,6.73389922902809,0.94,0.9375,0.94,6.429226338663936,6.394332664146253,0.9547553534732465,1.0531043007483527,0.024861085265927074,94,26,988.913;988.913;988.913,27.0475;27.0475;27.0475
S-A,10,random,f1,600,2000,0,0.5617328025610924,0.5617328025610924,66.7905499739857,0.5489368127985208,0.3208158714540035,0.7825,0.9655,0.7825,0.24470630616873545,0.3336428978563401,0.7627624688880764,0.9615546247657287,-0.022779495347665612,432,3,873.686;873.686;873.686,1555.34;1555.34;1555.34
S-A,10,random,f2,600,2000,0,81.51370646426533,81.51370646426533,3144539.0280471537,116.16103401123549,99.56740224537751,0.805,0.879,0.805,63.564649736105586,72.3940493416316,0.638408237059902,1.3753534047462013,0.4250490997137905,347,43,873.686;873.686;873.686,10.7183;10.7183;10.7183
S-A,10,random,f1,3000,2000,0,0.5617328025610924,0.5617328025610924,66.7905499739857,0.5582562143767953,0.1457121667260922,0.885,0.954,0.885,0.13181086771226813,0.14920963996335906,0.9045975409867074,0.97656000484871,-0.006189042492171315,223,7,873.686;873.686;873.686,1555.34;1555.34;1555.34
S-A,10,random,f2,3000,2000,0,81.51370646426533,81.51370646426533,3144539.0280471537,89.24064028480679,37.64346478855272,0.898,0.9245,0.898,31.127517980852236,32.375603098872425,0.8269036380072546,1.162710843519816,0.09479306187516894,163,41,873.686;873.686;873.686,10.7183;10.7183;10.7183
S-A,10,random,f1,15000,2000,0,0.5617328025610924,0.5617328025610924,66.7905499739857,0.5615290922540751,0.06703294155691063,0.924,0.949,0.924,0.06417908704296223,0.06672857957126802,0.9574260886115897,1.004561193833259,-0.0003626462725489734,137,15,873.686;873.686;873.686,1555.34;1555.34;1555.34
S-A,10,random,f2,15000,2000,0,81.51370646426533,81.51370646426533,3144539.0280471537,82.92572358089282,14.878237761704867,0.9385,0.9465,0.9385,14.362097287790238,14.47880986832632,0.9653090317427832,1.0275870666864915,0.017322450148264425,92,31,873.686;873.686;873.686,10.7183;10.7183;10.7183
S-A,1,blocks,f1,600,2000,0,1.512701144369873,1.512701144369873,19.50547343198326,1.5122159721077613,0.17504160492741155,0.9115,0.9605,0.9115,0.1654543175239394,0.1803028629463181,0.9452285220565252,0.9708198864236949,-0.0003207323957660236,170,7,5414.36;5414.36;5414.36,3579.26;3579.26;3579.26
S-A,1,blocks,f2,600,2000,0,5.257967089599016,5.257967089599014,273.41231908049485,5.265263492710249,0.6546579963303788,0.9245,0.962,0.9245,0.6305506977772672,0.6750460713666079,0.9631757365093795,0.9697975058280777,0.0013876851997924973,143,8,5414.36;5414.36;5414.36,1029.74;1029.74;1029.74
S-A,1,blocks,f1,3000,2000,0,1.512701144369873,1.512701144369873,19.50547343198326,1.5121207824438447,0.0787627013784094,0.949,0.954,0.949,0.07800105890803632,0.08063389161715905,0.9903299092458265,0.9767939981412053,-0.0003836593422225759,90,12,5414.36;5414.36;5414.36,3579.26;3579.26;3579.26
S-A,1,blocks,f2,3000,2000,0,5.257967089599016,5.257967089599014,273.41231908049485,5.2531497133100675,0.29884987063751217,0.9415,0.9585,0.9415,0.2940849626381341,0.3018897807039819,0.9840558472077854,0.9899303975796039,-0.0009162051049117349,101,16,5414.36;5414.36;5414.36,1029.74;1029.74;1029.74
S-A,1,blocks,f1,15000,2000,0,1.512701144369873,1.512701144369873,19.50547343198326,1.5124844343063268,0.03658495135165785,0.9425,0.9495,0.9425,0.03571876377556902,0.036060572589263616,0.9763239380103869,1.0145416094294175,-0.00014326032895046784,83,32,5414.36;5414.36;5414.36,3579.26;3579.26;3579.26
S-A,1,blocks,f2,15000,2000,0,5.257967089599016,5.257967089599014,273.41231908049485,5.256965396177741,0.13544911674916932,0.9445,0.9505,0.9445,0.13402575016935075,0.13500921427332158,0.9894915034222451,1.0032583144655385,-0.00019050964074235834,77,34,5414.36;5414.36;5414.36,1029.74;1029.74;1029.74
S-A,2,blocks,f1,600,2000,0,1.2095196888629767,1.209519688862977,25.19462227637761,1.2030368096694284,0.20100615860027474,0.886,0.957,0.886,0.18266457877847167,0.20491714698213034,0.9087511549420855,0.9809142941942449,-0.0053598790108514835,221,7,3833.1;3833.1;3833.1,3169.11;3169.11;3169.11
S-A,2,blocks,f2,600,2000,0,7.182296151610543,7.182296151610543,1503.0419124897574,7.400892504425274,1.7178917010524541,0.924,0.933,0.924,1.5754836108099572,1.5827412467455304,0.917102987251611,1.0853901132511858,0.030435441285126263,141,11,3833.1;3833.1;3833.1,533.688;533.688;533.688
S-A,2,blocks,f1,3000,2000,0,1.2095196888629767,1.209519688862977,25.19462227637761,1.2077157462419503,0.09124450924202626,0.9285,0.9495,0.9285,0.08752576246165063,0.09164173408147187,0.9592441582373834,0.9956654591554056,-0.0014914537048356458,127,16,3833.1;3833.1;3833.1,3169.11;3169.11;3169.11
S-A,2,blocks,f2,3000,2000,0,7.182296151610543,7.182296151610543,1503.0419124897574,7.206929226421206,0.6988432407605718,0.952,0.9505,0.952,0.697642580910186,0.7078234037031548,0.9982819325131069,0.9873129895174405,0.003429693553521802,83,13,3833.1;3833.1;3833.1,533.688;533.688;533.688
S-A,2,blocks,f1,15000,2000,0,1.2095196888629767,1.209519688862977,25.19462227637761,1.209343990023305,0.041851905456980434,0.946,0.949,0.946,0.04049176834476506,0.040983429396426074,0.9675011902716483,1.0211909074800387,-0.00014526331509071236,85,23,3833.1;3833.1;3833.1,3169.11;3169.11;3169.11
S-A,2,blocks,f2,15000,2000,0,7.182296151610543,7.182296151610543,1503.0419124897574,7.2036714324910065,0.31799207019359776,0.9505,0.948,0.9505,0.31622895258713335,0.3165482493491061,0.9944554667498752,1.0045611398813943,0.0029761068646091057,66,33,3833.1;3833.1;3833.1,533.688;533.688;533.688
S-A,3,blocks,f1,600,2000,0,1.0076499055018873,1.007649905501887,30.827424558220685,1.0119774421841394,0.2353301438076796,0.8855,0.956,0.8855,0.20425372591701693,0.2266694530155482,0.8679454429940796,1.0382084602795478,0.004294682764939791,225,4,2743.24;2743.24;2743.24,2722.42;2722.42;2722.42
S-A,3,blocks,f2,600,2000,0,5.0803958425833,5.080395842583299,1045.8676825304763,5.300303045889347,1.4933465596224698,0.921,0.935,0.921,1.323115131789303,1.3202699739892068,0.8860067499159722,1.1310918138282815,0.04328544666988536,155,3,2743.24;2743.24;2743.24,539.967;539.967;539.967
S-A,3,blocks,f1,3000,2000,0,1.0076499055018873,1.007649905501887,30.827424558220685,1.006494212525419,0.09964940541484579,0.9265,0.9535,0.9265,0.0962938548877268,0.10136966107309209,0.9663264370404454,0.9830298765919133,-0.0011469191533269698,135,12,2743.24;2743.24;2743.24,2722.42;2722.42;2722.42
S-A,3,blocks,f2,3000,2000,0,5.0803958425833,5.080395842583299,1045.8676825304763,5.111827864638534,0.5984090942003044,0.943,0.944,0.943,0.578837459248424,0.590442682098349,0.9672938878410006,1.0134922700263536,0.006186923820339772,97,17,2743.24;2743.24;2743.24,539.967;539.967;539.967
S-A,3,blocks,f1,15000,2000,0,1.0076499055018873,1.007649905501887,30.827424558220685,1.005667304567227,0.04592623825824252,0.939,0.9525,0.939,0.04455755981480674,0.04533389060310963,0.9701983333418313,1.0130663317719362,-0.0019675493679252574,105,17,2743.24;2743.24;2743.24,2722.42;2722.42;2722.42
S-A,3,blocks,f2,15000,2000,0,5.0803958425833,5.080395842583299,1045.8676825304763,5.078098032833845,0.26440664902101874,0.943,0.9495,0.943,0.26189470816245797,0.2640539947978413,0.9904997061614699,1.001335538299458,-0.0004522895106313374,84,30,2743.24;2743.24;2743.24,539.967;539.967;539.967
S-A,4,blocks,f1,600,2000,0,0.9196986540225316,0.9196986540225316,38.07299809925165,0.916771535728293,0.25870775793313366,0.8635,0.953,0.8635,0.2141119319369325,0.25190275272828216,0.8276208400069412,1.0270144138210024,-0.0031826928107768315,268,5,2180.45;2180.45;2180.45,2370.83;2370.83;2370.83
S-A,4,blocks,f2,600,2000,0,3.797344720135092,3.797344720135092,700.4556829606786,3.880789027274257,1.1479378445948376,0.8865,0.944,0.8865,0.9864967481101907,1.0804749595746297,0.8593642528253547,1.062438175380545,0.021974382967316363,223,4,2180.45;2180.45;2180.45,574.203;574.203;574.203
S-A,4,blocks,f1,3000,2000,0,0.9196986540225316,0.9196986540225316,38.07299809925165,0.9183304366092109,0.11322458116462661,0.916,0.949,0.916,0.1064775121298438,0.11265433576395191,0.9404098565401386,1.0050619037146475,-0.0014876801301561937,155,13,2180.45;2180.45;2180.45,2370.83;2370.83;2370.83
S-A,4,blocks,f2,3000,2000,0,3.797344720135092,3.797344720135092,700.4556829606786,3.8118294281163596,0.47813657712499646,0.939,0.946,0.939,0.4648292689247698,0.48320309151904184,0.9721683953144881,0.9895147310044772,0.0038144306216035284,115,7,2180.45;2180.45;2180.45,574.203;574.203;574.203
S-A,4,blocks,f1,15000,2000,0,0.9196986540225316,0.9196986540225316,38.07299809925165,0.9212162245932258,0.0517156507425225,0.9355,0.9455,0.9355,0.04953960671813045,0.05038055054565644,0.9579229112821968,1.0265003097903058,0.0016500737106189772,97,32,2180.45;2180.45;2180.45,2370.83;2370.83;2370.83
S-A,4,blocks,f2,15000,2000,0,3.797344720135092,3.797344720135092,700.4556829606786,3.809396590703351,0.22497391875609238,0.9395,0.939,0.9395,0.21365161157672513,0.21609499191492593,0.9496728009985796,1.0410880731778458,0.0031737625779285437,85,36,2180.45;2180.45;2180.45,574.203;574.203;574.203
S-B,1,random,f1,600,2000,0,1.5178988423395952,1.517898842339595,19.898333519347663,1.5164429408814848,0.1793338785650781,0.902,0.9575,0.902,0.1660030581131981,0.1821095527393134,0.9256647959741616,0.9847582176086686,-0.0009591557866045463,189,7,5880.41;5880.41;5880.41,3874.04;3874.04;3874.04
S-B,1,random,f2,600,2000,0,5.148116652994178,5.148116652994177,265.58331766131926,5.159889290182464,0.6614617893682667,0.915,0.9555,0.915,0.6201211242031847,0.665311102243804,0.9375010532285399,0.9942142662845167,0.0022867852424126333,159,11,5880.41;5880.41;5880.41,1142.24;1142.24;1142.24
S-B,1,random,f1,3000,2000,0,1.5178988423395952,1.517898842339595,19.898333519347663,1.5187177439998167,0.08280568206733704,0.9315,0.9515,0.9315,0.07896940070869803,0.08144186785543757,0.9536712787955858,1.0167458611622258,0.000539496860646773,116,21,5880.41;5880.41;5880.41,3874.04;3874.04;3874.04
S-B,1,random,f2,3000,2000,0,5.148116652994178,5.148116652994177,265.58331766131926,5.1563178000115695,0.3049111727979935,0.935,0.9495,0.935,0.2906497912195972,0.2975361701604917,0.9532277500770869,1.0247869112300656,0.0015930383031670192,106,24,5880.41;5880.41;5880.41,1142.24;1142.24;1142.24
S-B,1,random,f1,15000,2000,0,1.5178988423395952,1.517898842339595,19.898333519347663,1.5185117663303842,0.03701411326381522,0.9425,0.9455,0.9425,0.036216523679707936,0.03642191054786268,0.9784517441111577,1.016259518159387,0.00040379765350128755,86,29,5880.41;5880.41;5880.41,3874.04;3874.04;3874.04
S-B,1,random,f2,15000,2000,0,5.148116652994178,5.148116652994177,265.58331766131926,5.1506093592613285,0.13525301534077286,0.947,0.949,0.947,0.13260008015613942,0.13306222044876082,0.98038538972348,1.0164644396029425,0.00048419770474721616,77,29,5880.41;5880.41;5880.41,1142.24;1142.24;1142.24
S-B,2,random,f1,600,2000,0,1.2487190028238846,1.2487190028238846,25.66602054592596,1.2487696312923449,0.21734643752529526,0.8875,0.952,0.8875,0.18795579330634124,0.2068252907888119,0.8647751278852525,1.050869730178339,4.054432450036805e-05,220,5,4254.35;4254.35;4254.35,3406.97;3406.97;3406.97
S-B,2,random,f2,600,2000,0,6.164813039042878,6.164813039042878,946.1924352539875,6.337968672575942,1.434053213142527,0.9175,0.932,0.9175,1.2483270010426526,1.255781586140671,0.8704886189732937,1.141960695211123,0.02808773476769494,154,11,4254.35;4254.35;4254.35,690.102;690.102;690.102
S-B,2,random,f1,3000,2000,0,1.2487190028238846,1.2487190028238846,25.66602054592596,1.2525329895207513,0.09299515128688367,0.942,0.9505,0.942,0.09003970607868561,0.0924950819339889,0.9682193623291099,1.0054064426176914,0.0030543194171320184,99,17,4254.35;4254.35;4254.35,3406.97;3406.97;3406.97
S-B,2,random,f2,3000,2000,0,6.164813039042878,6.164813039042878,946.1924352539875,6.211980969945519,0.5729158573266515,0.9435,0.9475,0.9435,0.5589958664789881,0.5616025983006095,0.9757032543790688,1.0201445987968638,0.007651153506832746,87,26,4254.35;4254.35;4254.35,690.102;690.102;690.102
S-B,2,random,f1,15000,2000,0,1.2487190028238846,1.2487190028238846,25.66602054592596,1.250285444265528,0.04074413422488948,0.9495,0.956,0.9495,0.04098139703204691,0.04136505815776238,1.0058232384040324,0.9849891681402998,0.0012544386992598237,71,30,4254.35;4254.35;4254.35,3406.97;3406.97;3406.97
S-B,2,random,f2,15000,2000,0,6.164813039042878,6.164813039042878,946.1924352539875,6.176462017274212,0.24463467881573536,0.955,0.957,0.955,0.25049834020821465,0.25115631722813414,1.0239690522245863,0.97403354817281,0.0018895914859962779,63,27,4254.35;4254.35;4254.35,690.102;690.102;690.102
S-B,3,random,f1,600,2000,0,1.053931675608464,1.053931675608464,32.11436151736786,1.0567133580039776,0.22770573768620453,0.894,0.959,0.894,0.20558595024451573,0.23135240621674927,0.9028580146180967,0.9842376027542663,0.002639338450386389,205,7,2998.91;2998.91;2998.91,2845.45;2845.45;2845.45
S-B,3,random,f2,600,2000,0,4.530248517922035,4.530248517922035,731.6062297349628,4.663836015167248,1.169146591157694,0.918,0.9435,0.918,1.068756166446649,1.104238976048635,0.914133586437918,1.058780405797051,0.029487896020875974,160,4,2998.91;2998.91;2998.91,661.974;661.974;661.974
S-B,3,random,f1,3000,2000,0,1.053931675608464,1.053931675608464,32.11436151736786,1.0527000100524155,0.10256979392363666,0.9185,0.9455,0.9185,0.09810354367846073,0.10346394141175927,0.956456476372556,0.9913578829887785,-0.001168638901888401,144,19,2998.91;2998.91;2998.91,2845.45;2845.45;2845.45
S-B,3,random,f2,3000,2000,0,4.530248517922035,4.530248517922035,731.6062297349628,4.539882132681898,0.48812350988456293,0.9335,0.96,0.9335,0.4786521797958226,0.493830682769902,0.9805964476265848,0.9884430573383423,0.0021265091135179897,125,8,2998.91;2998.91;2998.91,661.974;661.974;661.974
S-B,3,random,f1,15000,2000,0,1.053931675608464,1.053931675608464,32.11436151736786,1.0550056324691615,0.047179190336328065,0.9395,0.939,0.9395,0.045671505083211925,0.046270481243349856,0.9680434267233445,1.0196390672532463,0.0010190004585234804,98,23,2998.91;2998.91;2998.91,2845.45;2845.45;2845.45
S-B,3,random,f2,15000,2000,0,4.530248517922035,4.530248517922035,731.6062297349628,4.5326138089385735,0.2199024343805989,0.9505,0.9555,0.9505,0.21890153282895303,0.220847795209727,0.9954484289613932,0.9957194011005166,0.000522110654013983,78,21,2998.91;2998.91;2998.91,661.974;661.974;661.974
S-B,4,random,f1,600,2000,0,0.959140865501459,0.959140865501459,40.819476609445736,0.9492169531367067,0.25027279378675443,0.8675,0.9655,0.8675,0.22039707657183807,0.2608303299383392,0.8806273875682546,0.959523356988121,-0.010346668275429896,261,4,2268.62;2268.62;2268.62,2365.26;2365.26;2365.26
S-B,4,random,f2,600,2000,0,3.5633711836326905,3.5633711836326905,590.3137985743715,3.6262016944985227,1.0111037685715796,0.896,0.9475,0.896,0.8945855386887324,0.9918953225806068,0.8847613533797264,1.0193653962809284,0.017632322771881283,208,0,2268.62;2268.62;2268.62,636.65;636.65;636.65
S-B,4,random,f1,3000,2000,0,0.959140865501459,0.959140865501459,40.819476609445736,0.9541672676776993,0.11379311133991935,0.92,0.9615,0.92,0.10849974298366657,0.116646869667165,0.953482523731682,0.9755350629177754,-0.005185471709788344,148,12,2268.62;2268.62;2268.62,2365.26;2365.26;2365.26
S-B,4,random,f2,3000,2000,0,3.5633711836326905,3.5633711836326905,590.3137985743715,3.5648285851501407,0.4311728844615694,0.9325,0.959,0.9325,0.41863423735876704,0.44358907357086375,0.9709196761794052,0.9720097048167917,0.00040899514598545576,120,15,2268.62;2268.62;2268.62,636.65;636.65;636.65
S-B,4,random,f1,15000,2000,0,0.959140865501459,0.959140865501459,40.819476609445736,0.9588895107661803,0.05148761838096022,0.9395,0.9545,0.9395,0.05112292450743511,0.05216606598766784,0.9929168626362416,0.9869944648141954,-0.00026206237719554853,99,22,2268.62;2268.62;2268.62,2365.26;2365.26;2365.26
S-B,4,random,f2,15000,2000,0,3.5633711836326905,3.5633711836326905,590.3137985743715,3.5670827052770466,0.19874821832410622,0.942,0.948,0.942,0.19529492618271388,0.19837906451612133,0.9826247894420823,1.001860850634039,0.0010415759271456117,89,27,2268.62;2268.62;2268.62,636.65;636.65;636.65
S-B,5,random,f1,600,2000,0,0.8764380948796446,0.8764380948796446,50.74278515408137,0.8608369937190732,0.2766889932209776,0.844,0.963,0.844,0.2399518138096947,0.29081146571298666,0.8672257288458787,0.9514377039523364,-0.017800573995718254,307,5,1729.11;1729.11;1729.11,1972.88;1972.88;1972.88
S-B,5,random,f2,600,2000,0,4.626092431916699,4.6260924319167,1520.1579212315644,4.723007476653622,1.6240494652046709,0.865,0.95,0.865,1.4131142773403036,1.5917275317672748,0.8701177566424776,1.0203061973813505,0.020949655927382627,260,10,1729.11;1729.11;1729.11,373.773;373.773;373.773
S-B,5,random,f1,3000,2000,0,0.8764380948796446,0.8764380948796446,50.74278515408137,0.8719891843094942,0.12639263517977112,0.919,0.9575,0.919,0.11950281908598247,0.1300548411941175,0.9454887851338085,0.97184106350274,-0.005076126421411815,150,12,1729.11;1729.11;1729.11,1972.88;1972.88;1972.88
S-B,5,random,f2,3000,2000,0,4.626092431916699,4.6260924319167,1520.1579212315644,4.624095520442227,0.7088866641424416,0.9195,0.9595,0.9195,0.6660104544276854,0.7118421925379165,0.9395161287642155,0.9958480567372137,-0.0004316626837576265,151,10,1729.11;1729.11;1729.11,373.773;373.773;373.773
S-B,5,random,f1,15000,2000,0,0.8764380948796446,0.8764380948796446,50.74278515408137,0.8766011177064249,0.0575475017306808,0.9405,0.945,0.9405,0.056542319009852945,0.058162293142597334,0.9825329911708061,0.9894297253650362,0.00018600609413566723,98,21,1729.11;1729.11;1729.11,1972.88;1972.88;1972.88
S-B,5,random,f2,15000,2000,0,4.626092431916699,4.6260924319167,1520.1579212315644,4.630718707161091,0.31541001146527714,0.942,0.9485,0.942,0.3107751275204578,0.31834550635345493,0.985305209802037,0.9907789027029063,0.0010000395176876862,97,19,1729.11;1729.11;1729.11,373.773;373.773;373.773
S-B,6,random,f1,600,2000,0,0.789944683199288,0.789944683199288,60.993265107420825,0.7827093307289552,0.32772363225435563,0.816,0.9555,0.816,0.257129210582074,0.3188345054188793,0.7845916048632975,1.027880065314129,-0.009159315359943323,364,4,1305.34;1305.34;1305.34,1652.45;1652.45;1652.45
S-B,6,random,f2,600,2000,0,7.184846089325068,7.184846089325068,6275.059082292179,7.73278238554622,4.2235236361530015,0.8445,0.934,0.8445,3.0354518682128577,3.233949876516378,0.718701285871742,1.3059953918341478,0.0762627743738662,299,12,1305.34;1305.34;1305.34,181.68;181.68;181.68
S-B,6,random,f1,3000,2000,0,0.789944683199288,0.789944683199288,60.993265107420825,0.7923747792687162,0.14323572024061232,0.912,0.9505,0.912,0.1333223041444968,0.14258712553782785,0.9307894980423695,1.0045487606285493,0.003076286379428883,169,7,1305.34;1305.34;1305.34,1652.45;1652.45;1652.45
S-B,6,random,f2,3000,2000,0,7.184846089325068,7.184846089325068,6275.059082292179,7.317668947511058,1.5147198980750878,0.9285,0.9505,0.9285,1.404332785678504,1.4462663519435346,0.9271237457586289,1.0473312167150701,0.018486527969378934,136,7,1305.34;1305.34;1305.34,181.68;181.68;181.68
S-B,6,random,f1,15000,2000,0,0.789944683199288,0.789944683199288,60.993265107420825,0.7914805175965682,0.06459830095802246,0.932,0.9475,0.932,0.062331373971443865,0.06376690108377586,0.964907328010814,1.0130381100557848,0.0019442303112416298,118,18,1305.34;1305.34;1305.34,1652.45;1652.45;1652.45
S-B,6,random,f2,15000,2000,0,7.184846089325068,7.184846089325068,6275.059082292179,7.223805605477344,0.6669809074056201,0.94,0.9435,0.94,0.6397788410331257,0.6467899753032756,0.9592161243740794,1.0312171382880155,0.005422456607687257,100,20,1305.34;1305.34;1305.34,181.68;181.68;181.68
S-B,7,random,f1,600,2000,0,0.6968588835771762,0.6968588835771762,71.51433243341029,0.6817228922353815,0.3370972940975597,0.787,0.9625,0.787,0.26146755778954955,0.345239850040061,0.7756441904688738,0.9764147854265478,-0.021720310522694762,422,4,958.498;958.498;958.498,1375.45;1375.45;1375.45
S-B,7,random,f2,600,2000,0,12.036388740628862,12.036388740628862,32824.74629478422,14.655802488501191,11.021243902836828,0.825,0.905,0.825,7.230214081770884,7.396479601222938,0.6560252314087572,1.490066152688986,0.2176245553643919,306,44,958.498;958.498;958.498,79.6334;79.6334;79.6334
S-B,7,random,f1,3000,2000,0,0.6968588835771762,0.6968588835771762,71.51433243341029,0.6937898573325836,0.1521928658827736,0.8855,0.9575,0.8855,0.13820403663617112,0.15439595464628197,0.9080848555846411,0.9857309165349856,-0.004404085700735289,224,5,958.498;958.498;958.498,1375.45;1375.45;1375.45
S-B,7,random,f2,3000,2000,0,12.036388740628862,12.036388740628862,32824.74629478422,12.4502471366843,3.6189009872519438,0.9055,0.9375,0.9055,3.210346608422459,3.307806236505005,0.8871054001563813,1.0940486620146284,0.03438393399994289,177,12,958.498;958.498;958.498,79.6334;79.6334;79.6334
S-B,7,random,f1,15000,2000,0,0.6968588835771762,0.6968588835771762,71.51433243341029,0.6954460384862379,0.07035137546315011,0.9245,0.9505,0.9245,0.06622987807518887,0.0690479700080122,0.9414155393433628,1.01887681064319,-0.0020274479155460716,139,12,958.498;958.498;958.498,1375.45;1375.45;1375.45
S-B,7,random,f2,15000,2000,0,12.036388740628862,12.036388740628862,32824.74629478422,12.119573209884573,1.502106628319871,0.9455,0.954,0.9455,1.4586618566256493,1.4792959202445877,0.9710774382622788,1.0154199763300313,0.006911081973858279,94,15,958.498;958.498;958.498,79.6334;79.6334;79.6334
S-B,8,random,f1,600,2000,0,0.6052519553218577,0.6052519553218577,82.65064675923728,0.5915319360707991,0.36130057024098344,0.7715,0.9645,0.7715,0.2615895979171086,0.37114832335881853,0.724022100885784,0.9734667988562771,-0.022668277451103204,455,2,686.183;686.183;686.183,1133.71;1133.71;1133.71
S-B,8,random,f2,600,2000,0,21.096303246139705,21.096303246139705,200458.38251543915,32.4914078298992,32.91602920150874,0.806,0.8525,0.806,17.711235751589918,18.27832881289749,0.5380732786194667,1.800822686715355,0.5401469845597059,327,61,686.183;686.183;686.183,32.5262;32.5262;32.5262
S-B,8,random,f1,3000,2000,0,0.6052519553218577,0.6052519553218577,82.65064675923728,0.6005511428541592,0.16851421174839715,0.8795,0.96,0.8795,0.1462596379627092,0.16598257615307827,0.8679365167199339,1.0152524177777797,-0.007766703480038683,238,3,686.183;686.183;686.183,1133.71;1133.71;1133.71
S-B,8,random,f2,3000,2000,0,21.096303246139705,21.096303246139705,200458.38251543915,23.07183628511655,10.025278858769038,0.888,0.923,0.888,8.206891612484517,8.174317148146365,0.8186197838582823,1.2264362486892748,0.09364356474816682,196,28,686.183;686.183;686.183,32.5262;32.5262;32.5262
S-B,8,random,f1,15000,2000,0,0.6052519553218577,0.6052519553218577,82.65064675923728,0.6058670287455034,0.07408469505937776,0.9335,0.951,0.9335,0.07172139811534911,0.0742296646717637,0.9681000651735895,0.998047012430583,0.001016227074092738,120,13,686.183;686.183;686.183,1133.71;1133.71;1133.71
S-B,8,random,f2,15000,2000,0,21.096303246139705,21.096303246139705,200458.38251543915,21.55030294091484,3.8856047872314208,0.94,0.943,0.94,3.680992678937915,3.655665762579498,0.9473409882122118,1.0628993566659317,0.021520343610827157,101,19,686.183;686.183;686.183,32.5262;32.5262;32.5262
S-B,9,random,f1,600,2000,0,0.5162729155162664,0.5162729155162664,95.06623532883738,0.5056328994810746,0.40328547749090804,0.724,0.957,0.724,0.26119738489302835,0.39804990333884305,0.6476736690795343,1.013153059724796,-0.020609285739020305,546,6,472.411;472.411;472.411,915.042;915.042;915.042
S-B,9,random,f2,600,2000,0,37.667446846106394,37.667446846106394,1377050.955120758,81.43656074364536,101.28962838621949,0.7655,0.825,0.7655,49.01924175507498,47.90704463021345,0.48395124492078867,2.1142950722186553,1.1619878054480692,371,98,472.411;472.411;472.411,12.5416;12.5416;12.5416
S-B,9,random,f1,3000,2000,0,0.5162729155162664,0.5162729155162664,95.06623532883738,0.5171125473927065,0.17375340986552812,0.866,0.956,0.866,0.15370806332331421,0.17801332846057472,0.8846333631223268,0.9760696649409033,0.0016263333814451088,263,5,472.411;472.411;472.411,915.042;915.042;915.042
S-B,9,random,f2,3000,2000,0,37.667446846106394,37.667446846106394,1377050.955120758,47.44612958006226,30.039473551456936,0.86,0.8755,0.86,20.759085457250517,21.424681678854707,0.6910602285253327,1.4020966099629233,0.2596056688924928,207,73,472.411;472.411;472.411,12.5416;12.5416;12.5416
S-B,9,random,f1,15000,2000,0,0.5162729155162664,0.5162729155162664,95.06623532883738,0.5141754205349738,0.07948514023083153,0.9105,0.9505,0.9105,0.07442218404791094,0.07960998066776862,0.9363031106415949,0.9984318494252866,-0.004062763934062214,165,14,472.411;472.411;472.411,915.042;915.042;915.042
S-B,9,random,f2,15000,2000,0,37.667446846106394,37.667446846106394,1377050.955120758,39.25758823868756,10.201984773762316,0.9215,0.9405,0.9215,9.536508998009731,9.58140892604269,0.93476996971569,1.0647687466957887,0.04221526877247154,117,40,472.411;472.411;472.411,12.5416;12.5416;12.5416
S-B,10,random,f1,600,2000,15,0.4263679857076884,0.4263679857076884,109.25392588064246,0.4190999219677329,0.4347664507332758,0.6715,0.962,0.6715,0.24967532993068148,0.4267199039976193,0.5742746007875719,1.0188567410619342,-0.017046457481773525,653,4,302.967;302.967;302.967,710.575;710.575;710.575
S-B,10,random,f2,600,2000,15,84.40935073484056,84.40935073484056,9768743.39688698,199.01691341422625,350.909264969547,0.726,0.849,0.726,124.44140326228491,127.5979584272869,0.3546255846880655,2.750116610756876,1.3577590833438387,440,108,302.967;302.967;302.967,3.58925;3.58925;3.58925
S-B,10,random,f1,3000,2000,0,0.4263679857076884,0.4263679857076884,109.25392588064246,0.4209401431831076,0.1772207865469475,0.8265,0.966,0.8265,0.15306093044182087,0.19083494253817218,0.8636736887592672,0.9286600461626598,-0.012730417635769885,345,2,302.967;302.967;302.967,710.575;710.575;710.575
S-B,10,random,f2,3000,2000,0,84.40935073484056,84.40935073484056,9768743.39688698,108.97837631289828,74.14801617605528,0.8515,0.88,0.8515,51.59305377351073,57.06354176672113,0.6958116539626551,1.2993938665632851,0.29106995094936416,242,55,302.967;302.967;302.967,3.58925;3.58925;3.58925
S-B,10,random,f1,15000,2000,0,0.4263679857076884,0.4263679857076884,109.25392588064246,0.4239091126134485,0.08478021396993798,0.9005,0.956,0.9005,0.07856042400838864,0.08534398079952386,0.9266363026194436,0.9933941817067313,-0.005767020922451923,191,8,302.967;302.967;302.967,710.575;710.575;710.575
S-B,10,random,f2,15000,2000,0,84.40935073484056,84.40935073484056,9768743.39688698,88.77568209015298,28.0883562742736,0.9055,0.9395,0.9055,24.99587050694759,25.519591685457378,0.8899015044836053,1.1006585301394167,0.051728052843678506,151,38,302.967;302.967;302.967,3.58925;3.58925;3.58925
S-B,1,blocks,f1,600,2000,0,1.5188354669159776,1.517898842339595,19.940127123064027,1.525287286153265,0.18365552569953958,0.91,0.959,0.9105,0.17025764998888612,0.18230069995780793,0.9270488831761459,1.007431818649326,0.004247872385010774,171,9,4685.62;5706.55;6946.61,3059.08;3755.46;4601.3
S-B,1,blocks,f2,600,2000,0,5.136219351780203,5.148116652994177,264.2378582085153,5.18448406335798,0.6817137003738882,0.926,0.9485,0.9245,0.6335115841294598,0.6636237114114636,0.9292927276978712,1.0272594071781265,0.009396933478132771,139,9,4685.62;5706.55;6946.61,940.982;1112.96;1321.85
S-B,1,blocks,f1,3000,2000,0,1.5188354669159776,1.517898842339595,19.940127123064027,1.5211347257864005,0.08146068402880387,0.941,0.9495,0.942,0.07934717745702499,0.08152735149029032,0.9740548879870496,0.9991822687690967,0.0015138301155763847,98,20,4685.62;5706.55;6946.61,3059.08;3755.46;4601.3
S-B,1,blocks,f2,3000,2000,0,5.136219351780203,5.148116652994177,264.2378582085153,5.145008775812407,0.29209419235238265,0.9465,0.953,0.943,0.29088789707011,0.2967815460393471,0.9958701839548477,0.9842060473451978,0.001711263369068881,86,21,4685.62;5706.55;6946.61,940.982;1112.96;1321.85
S-B,1,blocks,f1,15000,2000,0,1.5188354669159776,1.517898842339595,19.940127123064027,1.5181197872743504,0.035867683548156316,0.9545,0.956,0.957,0.036092417195256896,0.036460139991561585,1.0062656303633004,0.9837505713488103,-0.0004712028769517877,64,27,4685.62;5706.55;6946.61,3059.08;3755.46;4601.3
S-B,1,blocks,f2,15000,2000,0,5.136219351780203,5.148116652994177,264.2378582085153,5.135461301625162,0.13000652778895533,0.9575,0.9565,0.9515,0.1317059789137699,0.13272474228229272,1.013072044563588,0.979519911309709,-0.00014758913183459137,63,22,4685.62;5706.55;6946.61,940.982;1112.96;1321.85
S-B,2,blocks,f1,600,2000,0,1.2490460090905622,1.2487190028238846,25.653182058677668,1.251811353366757,0.20956751457755257,0.8975,0.947,0.898,0.1877657262495419,0.20677355592804764,0.8959677105874027,1.0135121661808493,0.0022139651030215098,196,9,2919.93;4254.35;5604.64,2563.58;3406.97;4260.4
S-B,2,blocks,f2,600,2000,0,6.160043724352415,6.164813039042878,942.4057491907508,6.293909412562644,1.3256092506551027,0.9205,0.945,0.92,1.2279675135094137,1.2532662321515136,0.9263419917313979,1.0577235839023573,0.021731288640211937,151,8,2919.93;4254.35;5604.64,338.721;690.102;1045.66
S-B,2,blocks,f1,3000,2000,0,1.2490460090905622,1.2487190028238846,25.653182058677668,1.2452679488569924,0.0937885824942355,0.924,0.945,0.924,0.08874791469991314,0.09247194540089383,0.9462549954347357,1.0142382328784545,-0.0030247566591406626,138,14,2919.93;4254.35;5604.64,2563.58;3406.97;4260.4
S-B,2,blocks,f2,3000,2000,0,6.160043724352415,6.164813039042878,942.4057491907508,6.161861389179886,0.555118294313813,0.9455,0.951,0.944,0.5503848321013902,0.5604776977991633,0.9914730567143822,0.9904377934993752,0.0002950733645419784,93,16,2919.93;4254.35;5604.64,338.721;690.102;1045.66
S-B,2,blocks,f1,15000,2000,0,1.2490460090905622,1.2487190028238846,25.653182058677668,1.2492163374205127,0.04165696627630262,0.939,0.943,0.94,0.040933551450397045,0.04135471118560953,0.9826340012110506,1.0073088429837291,0.000136366738063221,93,29,2919.93;4254.35;5604.64,2563.58;3406.97;4260.4
S-B,2,blocks,f2,15000,2000,0,6.160043724352415,6.164813039042878,942.4057491907508,6.1681400530533415,0.25793873170697335,0.9405,0.943,0.939,0.2500199442346809,0.2506532464303027,0.9692997347862885,1.0290659920843932,0.0013143297455696674,72,47,2919.93;4254.35;5604.64,338.721;690.102;1045.66
S-B,3,blocks,f1,600,2000,0,1.0685036501146659,1.053931675608464,31.66475593720908,1.0670368642974002,0.23705537823019032,0.89,0.9515,0.9025,0.2055347146611648,0.2297272148194066,0.8670324891831068,1.0318994134697734,-0.0013727475962372825,214,6,1906.72;3217.82;4314.81,2110.54;2992.75;3730.9
S-B,3,blocks,f2,600,2000,0,4.447303884812352,4.530248517922035,668.755372937589,4.533384311195881,1.1075938971238226,0.9075,0.9495,0.8915,1.0128946147451592,1.0557425293267837,0.9144999962309501,1.0491136487890689,0.01935564301722129,181,4,1906.72;3217.82;4314.81,325;729.517;1067.97
S-B,3,blocks,f1,3000,2000,0,1.0685036501146659,1.053931675608464,31.66475593720908,1.0665406031014077,0.10517800509006535,0.9235,0.95,0.9395,0.09835984995331826,0.10273713372357805,0.9351750859801095,1.023758414100345,-0.0018371926132844274,137,16,1906.72;3217.82;4314.81,2110.54;2992.75;3730.9
S-B,3,blocks,f2,3000,2000,0,4.447303884812352,4.530248517922035,668.755372937589,4.466398934350191,0.4897253032647798,0.9375,0.946,0.9165,0.4622493370695141,0.47214241246245076,0.9438951469076731,1.037240650994741,0.004293623739778352,108,17,1906.72;3217.82;4314.81,325;729.517;1067.97
S-B,3,blocks,f1,15000,2000,0,1.0685036501146659,1.053931675608464,31.66475593720908,1.0668758501430202,0.045692184602264395,0.935,0.9565,0.9475,0.04522546070319958,0.045945442963881325,0.9897854763757195,0.9944878459041951,-0.001523438849713758,104,26,1906.72;3217.82;4314.81,2110.54;2992.75;3730.9
S-B,3,blocks,f2,15000,2000,0,4.447303884812352,4.530248517922035,668.755372937589,4.4480598869454155,0.20953507765307386,0.9455,0.948,0.911,0.20929281872003472,0.21114850586535674,0.9988438263619027,0.9923587988194824,0.0001699911120634791,82,27,1906.72;3217.82;4314.81,325;729.517;1067.97
S-B,4,blocks,f1,600,2000,0,0.9931701820974386,0.959140865501459,39.38817138512664,0.9991181872788703,0.2541572793193535,0.885,0.955,0.9125,0.22544737990020997,0.25621661208544694,0.8870388465912519,0.9919625322131468,0.005988908334793453,221,9,1439.02;2683.79;3514.86,1772.44;2661.94;3255.81
S-B,4,blocks,f2,600,2000,0,3.4623409472113975,3.5633711836326905,496.6406584877826,3.5609127506518234,0.9831585877521808,0.895,0.943,0.869,0.8395553495681288,0.9097991156365074,0.8539368521284287,1.0806326043352439,0.028469698664372323,199,11,1439.02;2683.79;3514.86,341.459;784.376;1080.09
S-B,4,blocks,f1,3000,2000,0,0.9931701820974386,0.959140865501459,39.38817138512664,0.9948582119797031,0.11575570485131484,0.9235,0.951,0.9485,0.10878282207742464,0.11458355231755071,0.939762080989039,1.010229675289833,0.001699638100994623,140,13,1439.02;2683.79;3514.86,1772.44;2661.94;3255.81
S-B,4,blocks,f2,3000,2000,0,3.4623409472113975,3.5633711836326905,496.6406584877826,3.482328505622448,0.4168738080655383,0.9275,0.947,0.896,0.3910677144702414,0.40687453368648446,0.9380961502113853,1.0245758177304818,0.005772845226911704,129,16,1439.02;2683.79;3514.86,341.459;784.376;1080.09
S-B,4,blocks,f1,15000,2000,0,0.9931701820974386,0.959140865501459,39.38817138512664,0.994051491749402,0.052548277629188955,0.9365,0.9445,0.9255,0.05033496249567409,0.05124332241708939,0.9578803486360999,1.0254658587801553,0.0008873702290399213,103,24,1439.02;2683.79;3514.86,1772.44;2661.94;3255.81
S-B,4,blocks,f2,15000,2000,0,3.4623409472113975,3.5633711836326905,496.6406584877826,3.467938304190299,0.1838631098267698,0.9455,0.944,0.88,0.17922463755282989,0.1819598231273015,0.9747721428278346,1.010459928278435,0.0016166394541270025,90,19,1439.02;2683.79;3514.86,341.459;784.376;1080.09
