scenario,dy,design,learner,n,reps,n_defined,n_undefined,alpha_inf,V_inf,mbar_inf,mean_alpha_hat,mean_alpha_n,mean_alpha_pop,coverage_alpha_n,coverage_alpha_n_V,coverage_alpha_inf,coverage_alpha_inf_V,coverage_alpha_pop,mean_se_plugin,se_V,sd_alpha_hat,sd_alpha_hat_minus_alpha_n,sd_alpha_hat_minus_alpha_inf,se_over_sd,sd_sqrtn_over_sqrtV,mean_sqrtn_centring_bias,sd_sqrtn_centring_bias,mean_sqrtn_centring_bias_rel,mean_rel_centring_bias,mean_gap_pop_minus_n_over_se,mean_gap_inf_minus_n_over_se,mean_alpha_hat_over_alpha_inf,frac_fallback_cells,misses_below_n,misses_above_n
S-A,2,random,log,600,2000,2000,0,7.182296151610543,1503.0419124897564,533.687800515976,5.625442199308842,5.586454036107703,6.2707652529471964,0.915,0.947,0.569,0.759,0.797,1.3928785623665316,1.5827412467455297,2.0245771582547087,1.6207990785035211,2.0245771582547087,0.8593776865005206,1.0240455171281135,5736.24774607353,6650.656112519397,10.748320910704075,0.438798363715193,0.5257703079519991,1.691922609067989,0.7832372935565188,0.0012366666666666667,146,24
S-A,2,random,raw,600,2000,2000,0,1.0,16.84138946973455,3833.1038358073897,1.0113000358817783,1.0309829116948708,1.027284298828833,0.9075,0.94,0.9995,0.9985,0.9035,0.1599348199850209,0.1675380030009836,0.056746583330923674,0.17536274141126582,0.056746583330923674,0.9120228088242365,1.046704259750764,-125.27454911381304,16814.36597493064,-0.03268227381255529,-0.001334248241244758,-0.021261362755638332,-0.345861610573419,1.0113000358817783,0.0012366666666666667,171,14
S-A,2,random,log,3000,2000,2000,0,7.182296151610543,1503.0419124897564,533.687800515976,6.674134509279447,6.681860661825241,6.886665173983751,0.937,0.9425,0.659,0.7105,0.883,0.6994583786713174,0.7078234037031546,1.1712072253176933,0.7381785999582953,1.1712072253176933,0.9475462695760004,1.042885267845525,3150.934235315977,5605.172899987475,5.904077687872224,0.10779321769701875,0.28527042544056275,0.9625897401754343,0.9292480243637479,0.00025716666666666667,99,27
S-A,2,random,raw,3000,2000,2000,0,1.0,16.84138946973455,3833.1038358073897,1.001068941016806,1.0061388394437734,1.005415779698276,0.931,0.947,1.0,1.0,0.928,0.07321551492967339,0.07492527270495261,0.01220132837608314,0.0751545044385424,0.012201328376083138,0.9741999561655734,1.0030594714615517,-102.06043011012707,15930.821349556836,-0.026626054101826717,-0.0004861230149641146,-0.010069354266430547,-0.1888840794339024,1.001068941016806,0.00025716666666666667,125,13
S-A,2,random,log,15000,2000,2000,0,7.182296151610543,1503.0419124897564,533.687800515976,7.051294794892672,7.064074415466154,7.12613610653119,0.94,0.947,0.6835,0.6935,0.9265,0.3126910404328828,0.31654824934910597,0.5693147715150987,0.31579481352127314,0.5693147715150987,0.9901715514140917,0.9976198389048683,1542.2758397988066,5462.2531266993465,2.889846532575253,0.023595498132535385,0.19781245089645427,0.4952548335895388,0.981760518648553,5.920000000000001e-05,87,33
S-A,2,random,raw,15000,2000,2000,0,1.0,16.84138946973455,3833.1038358073897,0.9999543219160971,1.0021962626163945,1.0022119728756789,0.937,0.944,1.0,1.0,0.937,0.033102598210469666,0.03350760060019672,0.0024130093564744704,0.033254702183867585,0.0024130093564744704,0.9954260912469785,0.9924525059449453,-510.06976282762946,15639.546722010846,-0.13306964399522725,-0.0010865090934737277,0.00048421171583705095,-0.12038763688967156,0.9999543219160971,5.920000000000001e-05,92,34
S-A,3,random,log,600,2000,2000,0,5.0803958425833,1045.8676825304763,539.9666172472661,3.9126110584915397,3.790579470727406,4.226084671413932,0.9065,0.94,0.5535,0.824,0.7935,1.1607315795673685,1.3202699739892068,1.92217556294403,1.669845129724706,1.92217556294403,0.6951133125493675,1.2647755100263736,6949.225474597663,7544.253812547986,12.869731669755089,0.5254045952906151,0.4544314950848927,1.7578933763804634,0.7701390166680475,0.0033025,162,25
S-A,3,random,raw,600,2000,2000,0,1.0,28.851295398433248,2743.2441573967785,1.0445843310354708,1.0779322161207323,1.0614580134359497,0.898,0.9185,0.9995,0.9935,0.8945,0.21707234479560314,0.21928404486127595,0.10475514506684394,0.2423221091026825,0.10475514506684394,0.8958008231251406,1.1050603761709201,-1838.0341402620422,15086.250383734732,-0.6700220741584512,-0.027353536634823934,-0.06853354299022586,-0.5040878461294959,1.0445843310354708,0.0033025,197,7
S-A,3,random,log,3000,2000,2000,0,5.0803958425833,1045.8676825304763,539.9666172472661,4.599502689953121,4.609736866402711,4.77731988329966,0.935,0.9445,0.662,0.7545,0.885,0.5567662273956517,0.590442682098349,0.8453822132395762,0.6059795254703231,0.8453822132395762,0.9187871932859859,1.0263138892953307,4092.0638817189215,6083.900637651919,7.578364571091715,0.13836137415282984,0.3023902575221664,1.1162785337212915,0.9053433693887811,0.0004763333333333333,97,33
S-A,3,random,raw,3000,2000,2000,0,1.0,28.851295398433248,2743.2441573967785,1.0052177141450014,1.016632959487034,1.0149277384872126,0.9215,0.942,1.0,0.9995,0.923,0.09501717344401596,0.09806680613818529,0.022017617409308476,0.10069506137504686,0.022017617409308476,0.9436130446369843,1.0268006611040041,-1050.745340549655,14736.377402902242,-0.3830301935452831,-0.006993142573677375,-0.016491635103354732,-0.2713473158705,1.0052177141450014,0.0004763333333333333,141,16
S-A,3,random,log,15000,2000,2000,0,5.0803958425833,1045.8676825304763,539.9666172472661,4.931373927114993,4.9304283919581255,4.99529335249769,0.9465,0.9495,0.7275,0.7585,0.9195,0.26002315107005597,0.2640539947978413,0.41902874668700674,0.2633958107478955,0.41902874668700674,0.9871954695548761,0.997507388401945,2521.1293677609065,5901.066929003512,4.669046728506198,0.03812260690017096,0.24753893477228453,0.6976044909029565,0.9706672629287618,8.400000000000002e-05,78,29
S-A,3,random,raw,15000,2000,2000,0,1.0,28.851295398433248,2743.2441573967785,1.000129262452479,1.0024571812649021,1.0023335676471303,0.9455,0.9485,1.0,1.0,0.9445,0.043582260529366534,0.04385680897225519,0.004375312434854143,0.04381956820655837,0.004375312434854143,0.9945844359745124,0.9991508555553967,-177.0496418410142,14797.353263517836,-0.06454024202097525,-0.000526968869423742,-0.002895440531583367,-0.11978342976908693,1.000129262452479,8.400000000000002e-05,86,23
S-A,4,random,log,600,2000,2000,0,3.797344720135092,700.4556829606787,574.2025915665988,3.1844565985718507,3.1484495981929177,3.3792903350214463,0.8845,0.9175,0.6725,0.9145,0.822,1.0385019469038541,1.0804749595746297,1.4982036762109145,1.3622917507424261,1.4982036762109148,0.7623197793995948,1.260826767590009,5457.417007065819,7762.224250488581,9.504340605945945,0.3880130804363707,0.2912483341871584,1.1146593619804281,0.8386008733119606,0.00584,228,3
S-A,4,random,raw,600,2000,2000,0,1.0,41.65258071435319,2180.4451793733106,1.0876150554630666,1.1457877601342927,1.1174443368455118,0.864,0.888,0.9995,0.984,0.871,0.2680491881813851,0.26347859088976344,0.1522379411947632,0.32471832617404717,0.1522379411947632,0.8254821689297336,1.2324277470798597,-3386.562464610219,14338.975749880941,-1.5531518502031605,-0.0634071587676226,-0.09701350371313422,-0.7155846059988423,1.0876150554630666,0.00584,269,3
S-A,4,random,log,3000,2000,2000,0,3.797344720135092,700.4556829606787,574.2025915665988,3.360923018452029,3.371121279250211,3.5050415833481092,0.9255,0.9465,0.666,0.7735,0.864,0.44586035551281744,0.4832030915190419,0.6010833537269304,0.47199581405847363,0.6010833537269304,0.9446277747234039,0.9768062794769462,5108.748202481851,6514.901054243001,8.897117981553576,0.16243840717605756,0.3070398120136318,1.2051263638474732,0.8850718768383142,0.0009031666666666667,127,22
S-A,4,random,raw,3000,2000,2000,0,1.0,41.65258071435319,2180.4451793733106,1.0097465364796174,1.0243012512358913,1.0206052521422777,0.9215,0.9465,1.0,1.0,0.9235,0.11429898445411547,0.11783120796907356,0.030499558534073094,0.1190016816280057,0.030499558534073094,0.9604820947943352,1.0099334775489983,-1271.0703337203208,13830.488141284715,-0.5829407433603279,-0.010642993160909381,-0.03150401536171989,-0.3169369546293652,1.0097465364796174,0.0009031666666666667,146,11
S-A,4,random,log,15000,2000,2000,0,3.797344720135092,700.4556829606787,574.2025915665988,3.66448811711862,3.669886463057879,3.7185100890250333,0.9415,0.952,0.7465,0.7925,0.9125,0.20994871806616824,0.21609499191492595,0.3012998130701565,0.21595606704692757,0.3012998130701565,0.9721825412783892,0.9993571120424064,2971.9762646420168,6207.135094754221,5.175832203288328,0.042260492974405386,0.23262922900314542,0.7166103337528799,0.965013288808885,0.00015380000000000005,90,27
S-A,4,random,raw,15000,2000,2000,0,1.0,41.65258071435319,2180.4451793733106,1.00097184865385,1.0051270593295087,1.0045157864699537,0.935,0.9435,1.0,1.0,0.9335,0.05191179100927961,0.05269571817795268,0.00675526599164585,0.0528180782323541,0.0067552659916458495,0.9828413442252176,1.0023220113252505,-627.8294192151837,14040.689705272067,-0.28793634673981133,-0.002350990426378761,-0.011714071854585574,-0.16991895507654547,1.00097184865385,0.00015380000000000005,112,18
S-A,5,random,log,600,2000,2000,0,4.745485969503238,1525.1596303712322,381.0297386389841,4.071211828766854,3.6437013579337245,4.1550430890961545,0.878,0.9045,0.5525,0.8685,0.765,1.6823177049163887,1.5943439770906989,10.117361097542696,9.966859846615407,10.117361097542696,0.16879114694159947,6.251386143661778,6275.219893626875,8160.51299045983,16.46910793903277,0.6723485161574964,0.5264836679084575,1.7920248513781856,0.8579125204310808,0.0070483333333333335,230,14
S-A,5,random,raw,600,2000,2000,0,1.0,57.39540078171208,1808.1712786747848,1.1284357640279754,1.2025161845266503,1.166635947662822,0.864,0.8785,0.9995,0.9695,0.8715,0.32693894422588893,0.3092878938834391,0.22342157216395317,0.4023361455808832,0.22342157216395317,0.8126014722188641,1.3008467306273266,-3748.745153361109,13660.208903198438,-2.0732245875006803,-0.08463903935948004,-0.09592330926353375,-0.7836641992244577,1.1284357640279754,0.0070483333333333335,270,2
S-A,5,random,log,3000,2000,2000,0,4.745485969503238,1525.1596303712322,381.0297386389841,4.0088874554343175,4.043226822142528,4.265314819427126,0.9135,0.927,0.599,0.718,0.832,0.6641380464164298,0.7130123024584339,0.9719014062762976,0.7860524312496164,0.9719014062762975,0.8449029861285782,1.1024388058093015,5112.154212818277,6312.7835897981595,13.41668036484132,0.2449539494220077,0.34587340067724276,1.5131103611610464,0.8447791187662013,0.0013883333333333334,146,27
S-A,5,random,raw,3000,2000,2000,0,1.0,57.39540078171208,1808.1712786747848,1.019683557869157,1.0391382415063233,1.0324765304136816,0.9065,0.9315,1.0,0.999,0.903,0.13495761147651383,0.13831775106822222,0.042329999341112506,0.1496530141188658,0.042329999341112506,0.9018034970503183,1.0819508917915583,-1815.6212832035012,14079.751656198014,-1.0041201874051315,-0.01833264256960351,-0.04911141694131791,-0.4178157929397148,1.019683557869157,0.0013883333333333334,181,6
S-A,5,random,log,15000,2000,2000,0,4.745485969503238,1525.1596303712322,381.0297386389841,4.458087879170429,4.462320893464041,4.563009055081218,0.9455,0.9465,0.6735,0.722,0.9005,0.31155704599344086,0.3188687954181398,0.4665474136692434,0.32471263038797776,0.46654741366924346,0.9594854552506376,1.0183267696739495,3564.681940180394,5538.594970359423,9.355390350667193,0.07638644234564002,0.3238246580584307,1.0880360884055416,0.9394375850693129,0.00023300000000000005,80,29
S-A,5,random,raw,15000,2000,2000,0,1.0,57.39540078171208,1808.1712786747848,1.0022558296356292,1.0055131907927233,1.0044688460870832,0.935,0.947,1.0,1.0,0.934,0.0613519410243711,0.061857578776687815,0.00927296866008702,0.06322990444746665,0.00927296866008702,0.9702994423365637,1.0221852471098662,-351.961434300188,13906.525071812086,-0.19465049492332487,-0.0015893146358078442,-0.017069321807569402,-0.17145504779154702,1.0022558296356292,0.00023300000000000005,112,18
S-A,6,random,log,600,2000,2000,0,7.195775473548889,5352.765549462297,213.28013307737402,6.402485536850199,4.505392487434425,5.707046997174048,0.866,0.912,0.3875,0.9185,0.714,3.162793812705254,2.986850501074752,46.56084355926102,46.46550872573476,46.56084355926102,0.06806756020629882,15.55669047011733,7341.958916788821,8029.005690232212,34.4240169529775,1.4053546071952103,1.0259743588998913,3.2530279343078528,0.8897561576768533,0.008830833333333335,251,17
S-A,6,random,raw,600,2000,2000,0,1.0,76.86927629788181,1534.7159505934112,1.1928261443130552,1.283529712707989,1.2284069253869658,0.8615,0.847,0.999,0.9455,0.867,0.4024493223716292,0.35793220097732154,0.37571088403602826,0.5847563448243538,0.37571088403602826,0.6882342123068625,1.6337070071586095,-4100.098114958812,13404.42863653064,-2.671568060117883,-0.10906630934009842,-0.11731546039196956,-0.8614539928723649,1.1928261443130552,0.008830833333333335,272,5
S-A,6,random,log,3000,2000,2000,0,7.195775473548889,5352.765549462297,213.28013307737402,5.382750080596164,5.367601539473765,5.946089873555977,0.9225,0.9405,0.464,0.595,0.791,1.1520403083718667,1.3357601518064905,1.7820687357533174,1.3720905647746129,1.7820687357533174,0.8396241020439544,1.0271983057130345,5613.030223631299,5532.300720377595,26.317642166863234,0.48049220917133756,0.5426287896369404,2.299354092701884,0.7480430844990557,0.0015623333333333333,129,26
S-A,6,random,raw,3000,2000,2000,0,1.0,76.86927629788181,1534.7159505934112,1.0256790615576612,1.0441831162005601,1.035606550947753,0.9165,0.932,1.0,0.999,0.918,0.1572362319249064,0.1600721465442815,0.05071316822853381,0.17103185907163038,0.05071316822853381,0.9193388458641136,1.0684673302879526,-1476.00695234683,13556.469924952637,-0.9617460167636357,-0.017558999599072832,-0.054451676205005094,-0.39882819801077984,1.0256790615576612,0.0015623333333333333,160,7
S-A,6,random,log,15000,2000,2000,0,7.195775473548889,5352.765549462297,213.28013307737402,6.456507601824565,6.472668532948408,6.704298728623789,0.938,0.9475,0.594,0.638,0.8755,0.5746934053726843,0.5973701002149503,0.891442771733191,0.6098164925616921,0.891442771733191,0.9424038417828547,1.0208353118816347,3484.6735923229885,4110.969958428948,16.338481892539026,0.13340314602807674,0.40364158107885545,1.5038779369444164,0.897263627187672,0.00029283333333333337,94,30
S-A,6,random,raw,15000,2000,2000,0,1.0,76.86927629788181,1534.7159505934112,1.0030684110639152,1.0070561033390701,1.0059924606701152,0.9315,0.9425,1.0,0.9995,0.9295,0.07033631963070598,0.0715864401954643,0.0117103813960091,0.07371976603164719,0.0117103813960091,0.9541039454806636,1.0298006973158313,-321.42180105704136,13802.699694268147,-0.2094340655889846,-0.0017100219848319902,-0.014901194303960625,-0.18170571112597098,1.0030684110639152,0.00029283333333333337,111,26
S-A,7,random,log,600,2000,2000,0,11.876473216129071,23390.955606009727,110.2303824070258,11.677588100595413,5.637841126388868,9.136659529902815,0.8125,0.929,0.27,0.9495,0.6395,6.4953889380550205,6.243790996663503,66.50267930244421,66.18099356402956,66.50267930244421,0.09814583596075489,10.599488932187949,7762.020523919294,8354.770833435228,70.41634397364263,2.8747352047954946,2.3473610506966875,5.867208206667776,0.9832538572761181,0.009371666666666665,356,19
S-A,7,random,raw,600,2000,2000,0,1.0,101.61900709440488,1309.148184260707,1.2626551392668552,1.4036021645796515,1.3304359879496355,0.829,0.8045,0.9985,0.9305,0.84,0.4946748295653427,0.4115398058803159,0.45848991489349494,0.7360278117480294,0.45848991489349494,0.6720871435421911,1.7884729526311753,-4806.922941961438,12472.048063543669,-3.671794377254527,-0.1499003777448985,-0.12357753901718889,-1.0257997580820921,1.2626551392668552,0.009371666666666665,333,9
S-A,7,random,log,3000,2000,2000,0,11.876473216129071,23390.955606009727,110.2303824070258,7.613401715638237,7.539530398932633,8.902446304741607,0.8935,0.9445,0.368,0.5355,0.713,2.1206222464988724,2.7923082211681507,3.7827785239001965,2.961571196537775,3.782778523900196,0.7160463503217434,1.060617583004076,5299.9422747676135,5414.2815093430445,48.08059410696384,0.8778275323544683,0.7930606665294537,3.2064156616815715,0.6410490367880182,0.0017223333333333333,172,41
S-A,7,random,raw,3000,2000,2000,0,1.0,101.61900709440488,1309.148184260707,1.0276603301934393,1.065528501021464,1.0550209912158928,0.891,0.9165,1.0,0.999,0.886,0.1801696859503889,0.18404619627909083,0.06335787692955215,0.20617667434147696,0.06335787692955215,0.8738606659839009,1.1202441479900356,-1906.1263762743133,13802.96599733458,-1.4560050567161174,-0.02658289378016688,-0.05621294727170279,-0.4937721310404265,1.0276603301934393,0.0017223333333333333,209,9
S-A,7,random,log,15000,2000,2000,0,11.876473216129071,23390.955606009727,110.2303824070258,10.194375295031415,10.178518064097462,10.761298449500641,0.9385,0.943,0.562,0.5975,0.8665,1.1908284319489193,1.2487581993327004,1.9310921407442834,1.2635097555114545,1.9310921407442834,0.9424766423484284,1.0118129804365943,2831.5241302780582,3154.3718717442352,25.68732928660859,0.20973616535680553,0.4971677181277836,1.7919701372460877,0.858367219755672,0.0002819,94,29
S-A,7,random,raw,15000,2000,2000,0,1.0,101.61900709440488,1309.148184260707,1.0032983314627244,1.0096666795748972,1.0087903360986576,0.9225,0.933,1.0,1.0,0.922,0.08086357503491866,0.08230796117606319,0.01333871557408419,0.08573018506346965,0.01333871557408419,0.943233412771149,1.041578285241279,-380.75133242858226,13737.395871444256,-0.2908389875234769,-0.0023746903891340054,-0.010687019849019219,-0.2006066226570444,1.0032983314627244,0.0002819,134,21
S-A,8,random,log,600,2000,2000,0,20.616273946142062,115656.92450599483,54.85037499974129,25.363464824973935,6.953839942325489,13.651494612339226,0.8065,0.9335,0.2135,0.947,0.6055,15.345855781879619,13.883859004013427,207.8418821539147,207.47070156242856,207.8418821539147,0.07396637533064881,14.94330225497498,7320.197399002773,7331.890434173963,133.45756339928946,5.448382210723252,3.6348931256221286,10.17827358621473,1.230264251010315,0.009121666666666667,368,19
S-A,8,random,raw,600,2000,2000,0,1.0,131.32862494687728,1130.8103570432884,1.3715792708242232,1.5212416801404693,1.4226650491666715,0.824,0.7765,0.9985,0.8915,0.841,0.6348005272722584,0.46784724171264364,0.7212636987069047,1.0031468115573763,0.7212636987069047,0.6328091959807323,2.144175966251648,-4812.097626885189,11886.13249291736,-4.255441769623779,-0.17372768276174236,-0.12175727034946153,-1.0504952956404696,1.3715792708242232,0.009121666666666667,348,4
S-A,8,random,log,3000,2000,2000,0,20.616273946142062,115656.92450599483,54.85037499974129,11.068423815962388,10.266090151576398,13.189921489835788,0.8995,0.953,0.2785,0.51,0.676,3.8081591674962203,6.209050504599309,8.272206535901441,6.173525613692405,8.272206535901441,0.6168532222576377,0.9942785308509587,4709.010658897658,3908.499150677524,85.85193189508492,1.5674346568111748,1.0889838245005439,4.682258782847704,0.5368779947762399,0.0018490000000000002,155,46
S-A,8,random,raw,3000,2000,2000,0,1.0,131.32862494687728,1130.8103570432884,1.0337263092830713,1.0777458443320729,1.0649865578596676,0.9045,0.927,1.0,0.999,0.907,0.2055600434819775,0.20922764711104927,0.06977222302739532,0.22602053623580953,0.06977222302739532,0.9094750720682948,1.08026132949747,-1957.8419994644723,12696.852276027574,-1.731361927550443,-0.03161019943083342,-0.059466829521625526,-0.47842227638303747,1.0337263092830713,0.0018490000000000002,183,8
S-A,8,random,log,15000,2000,2000,0,20.616273946142062,115656.92450599483,54.85037499974129,15.862383983875228,15.810775562083203,17.645701292323647,0.9455,0.964,0.4295,0.4815,0.797,2.4921016852769586,2.7767718008026856,4.277563958604761,2.5840134974270033,4.277563958604761,0.9644305990500573,0.9305818708905206,2599.490509171171,2374.300138773494,47.39239265334889,0.3869572656344365,0.76067905930455,2.4706016738822836,0.7694108074676398,0.00029003333333333335,85,24
S-A,8,random,raw,15000,2000,2000,0,1.0,131.32862494687728,1130.8103570432884,1.0021061083458072,1.0094823935336315,1.0088997104752329,0.932,0.944,1.0,1.0,0.933,0.09167052397654021,0.09356944834252873,0.01565201978868321,0.09414404034738078,0.01565201978868321,0.9737262564713224,1.006140807870841,-111.37550596666499,12976.24553203366,-0.09849176325009686,-0.0008041818794324712,-0.0060158103382836675,-0.17811570763333368,1.0021061083458072,0.00029003333333333335,118,18
S-A,9,random,log,600,2000,2000,0,36.56206611273058,613312.3532965155,27.047502382331498,48.23096431548349,12.377523572098298,30.11806501388705,0.838,0.9085,0.219,0.9205,0.616,33.452018027440445,31.97166332073126,300.48175275390724,301.3825806609113,300.48175275390724,0.11099519406225293,9.426553058485606,7039.045561981816,7901.475265612101,260.24752535302486,10.624560732282323,7.93013829351078,16.43072665338946,1.3191531399449528,0.009071666666666665,307,17
S-A,9,random,raw,600,2000,2000,0,1.0,165.92754755063248,988.912570287042,1.4824339407726872,1.6506105430587645,1.5286939385562481,0.8385,0.7615,0.9975,0.8855,0.8485,0.7900627161640712,0.5258763282221282,1.1510560647892427,1.7078305868776034,1.1510560647892427,0.4626118786222988,3.2475897758155456,-3455.6643503033915,14214.479583778482,-3.494408357353927,-0.14265862380723762,-0.12752706161786598,-1.0561282669462526,1.4824339407726872,0.009071666666666665,321,2
S-A,9,random,log,3000,2000,2000,0,36.56206611273058,613312.3532965155,27.047502382331498,16.03112216602736,13.260450352056127,18.995182147625787,0.845,0.959,0.198,0.5975,0.625,6.428888977967656,14.298162507778352,18.726210054156784,15.69721565790998,18.726210054156784,0.4095560077705931,1.0978484577560599,4629.802226034203,4184.515354416499,171.17300372468307,3.1251771791974905,1.661552744109645,7.8932604204552295,0.4384632453920723,0.0017723333333333334,231,79
S-A,9,random,raw,3000,2000,2000,0,1.0,165.92754755063248,988.912570287042,1.0404079573688796,1.089094219971957,1.0731607040512805,0.894,0.9165,0.9985,0.998,0.894,0.2326795414346326,0.23517904353253394,0.08818447528787253,0.2647810380423334,0.08818447528787253,0.8787621015271933,1.1258700352937885,-1435.5653504591555,13580.568691629123,-1.4516605346036489,-0.026503574021414237,-0.06415013333400009,-0.4819514122639288,1.0404079573688796,0.0017723333333333334,208,4
S-A,9,random,log,15000,2000,2000,0,36.56206611273058,613312.3532965155,27.047502382331498,23.587703444671533,23.495466076266315,27.97650733313403,0.929,0.9695,0.3055,0.3915,0.718,4.7756478637444815,6.394332664146251,8.66462599665231,5.459187653388282,8.664625996652308,0.8747909335522553,0.8537540882097934,2506.6615548080663,2388.214354753657,92.67626708651359,0.7566985520928309,0.9888815144778191,3.6148466161789727,0.6451414253216535,0.0003132,109,33
S-A,9,random,raw,15000,2000,2000,0,1.0,165.92754755063248,988.912570287042,1.0017363368854948,1.0151800520165621,1.014541920061517,0.9335,0.948,1.0,1.0,0.935,0.10233897132845948,0.10517526564442564,0.018028088601250825,0.10659740171705051,0.018028088601250825,0.9600512740461113,1.0135215828922441,-485.39031209210316,12803.338541111993,-0.4908323816242054,-0.004007629614047765,-0.0053076650166051995,-0.21983601602204514,1.0017363368854948,0.0003132,122,11
S-A,2,blocks,log,600,2000,2000,0,7.182296151610542,1503.0419124897571,533.6878005159758,5.668149654253264,5.671881782758212,6.384649555286607,0.9145,0.953,0.5685,0.758,0.795,1.3894350597755631,1.5827412467455302,2.1815201975096747,1.5816846916649918,2.1815201975096747,0.8784526189685422,0.9993324524253658,5573.749434619706,6679.304274293349,10.443838943350285,0.426367939450267,0.5419645793507091,1.649188718244514,0.789183505470218,0.0012875,155,16
S-A,2,blocks,raw,600,2000,2000,0,1.0,16.841389469734562,3833.103835807388,1.0095781699288664,1.0383064458154694,1.0350058483678153,0.8985,0.937,1.0,0.999,0.895,0.158376916404358,0.16753800300098365,0.057376828150244356,0.1759716214560683,0.057376828150244356,0.9000139630121959,1.0503385399373248,-819.6018101824046,16520.128192266155,-0.21382196916399665,-0.008729245337481846,-0.018325449531737797,-0.400695873359129,1.0095781699288664,0.0012875,196,7
S-A,2,blocks,log,3000,2000,2000,0,7.182296151610542,1503.0419124897571,533.6878005159758,6.647892166321034,6.654412051115342,6.858648724087785,0.9345,0.942,0.6505,0.708,0.894,0.6928747747481052,0.7078234037031547,1.1661067528824267,0.7345188723340661,1.1661067528824267,0.9433042510485411,1.0377148713806967,3302.607786026774,5602.104330314144,6.1882767094053355,0.11298195819417145,0.28758820795157475,1.018352886988094,0.9255942704103514,0.00024950000000000005,93,38
S-A,2,blocks,raw,3000,2000,2000,0,1.0,16.841389469734562,3833.103835807388,1.0016678831688324,1.0077882152560886,1.007025051098562,0.9325,0.952,1.0,1.0,0.933,0.0728478397825193,0.07492527270495264,0.011188780587838978,0.07487984138423852,0.011188780587838976,0.9728631689897391,0.999393644906799,-478.61991311717486,15653.10003966774,-0.12486484416260546,-0.002279709726240877,-0.010410101515362495,-0.2033111760498818,1.0016678831688324,0.00024950000000000005,119,16
S-A,2,blocks,log,15000,2000,2000,0,7.182296151610542,1503.0419124897571,533.6878005159758,7.057832118654745,7.057417213291638,7.118471339320775,0.947,0.948,0.7035,0.7125,0.928,0.31279096618721974,0.316548249349106,0.5742015677233309,0.3174087025076813,0.5742015677233309,0.9854517652352339,1.0027182369839178,1595.7753601101754,5416.6143220671665,2.9900915077454653,0.024413994927352016,0.19491984816393754,0.525608326075162,0.9826707183429233,5.916666666666667e-05,70,36
S-A,2,blocks,raw,15000,2000,2000,0,1.0,16.841389469734562,3833.103835807388,1.0000845462171117,1.0010423763705294,1.0010185989132288,0.953,0.9515,1.0,1.0,0.954,0.03310529220072209,0.033507600600196724,0.0023177613506171826,0.03314290296043343,0.0023177613506171826,0.9988651941637027,0.9891159726978137,27.76633972693351,15625.034606108931,0.007243826652320508,5.914559694452831e-05,-0.000700634330215451,-0.08323666516987213,1.0000845462171117,5.916666666666667e-05,72,22
S-A,3,blocks,log,600,2000,2000,0,5.080395842583301,1045.8676825304765,539.966617247266,3.76822749625095,3.7594997717206033,4.2208679089509005,0.903,0.941,0.545,0.8395,0.782,1.1156339997912033,1.3202699739892068,1.5486777885678942,1.4030072988230373,1.5486777885678942,0.795173339958454,1.0626669745308521,7158.769587601225,7919.669422293409,13.257800313834997,0.5412474313434404,0.4925507862868841,1.7602793977064088,0.7417192701139732,0.0033099999999999996,183,11
S-A,3,blocks,raw,600,2000,2000,0,1.0,28.851295398433233,2743.2441573967785,1.0409919650352617,1.0785253605498952,1.0630328593002885,0.89,0.912,1.0,0.996,0.892,0.2184148344675174,0.2192840448612759,0.10141732597075846,0.25432601901921414,0.10141732597075846,0.8587986211942251,1.1598017501916595,-1550.8029295898377,16069.401588838287,-0.5653171357016515,-0.023078975422012697,-0.06553210121725656,-0.5164440272664406,1.0409919650352617,0.0033099999999999996,211,9
S-A,3,blocks,log,3000,2000,2000,0,5.080395842583301,1045.8676825304765,539.966617247266,4.570984395442278,4.5843060147292185,4.764668605925822,0.938,0.948,0.66,0.7575,0.88,0.5543167755235247,0.590442682098349,0.8196254132960181,0.5916031939044178,0.8196254132960181,0.9369739400242025,1.0019654944353693,4236.793120653152,5893.53423649073,7.846398250047752,0.14325497722400718,0.3224288806947675,1.1556249368345244,0.8997299692927087,0.00047033333333333335,108,16
S-A,3,blocks,raw,3000,2000,2000,0,1.0,28.851295398433233,2743.2441573967785,1.0044117963019201,1.014303537813482,1.0128909481005908,0.929,0.94,1.0,0.9995,0.9265,0.09492693015386859,0.09806680613818526,0.021210708565329636,0.09953428306420405,0.021210708565329636,0.9537108946938061,1.014964053422429,-739.6002262384545,14578.021494426095,-0.2696078744009077,-0.004922343816346559,-0.014245160683994371,-0.2441214039904812,1.0044117963019201,0.00047033333333333335,129,13
S-A,3,blocks,log,15000,2000,2000,0,5.080395842583301,1045.8676825304765,539.966617247266,4.924170793360914,4.922757822201528,4.984534018906192,0.947,0.956,0.7195,0.742,0.9255,0.2590366036259823,0.26405399479784136,0.40985201463732107,0.2651571906458459,0.40985201463732107,0.976917137321618,1.0041779176597923,2626.3699740554653,5931.863901213621,4.863948788991109,0.03971397556018795,0.237650394802333,0.7272629244221338,0.9692494336931531,8.983333333333335e-05,79,27
S-A,3,blocks,raw,15000,2000,2000,0,1.0,28.851295398433233,2743.2441573967785,1.000238935074386,1.0023371178843186,1.0021510898757908,0.9355,0.947,1.0,1.0,0.94,0.04349113404962178,0.043856808972255176,0.00447429764722517,0.044233065514815456,0.00447429764722517,0.9832267681075558,1.0085792047204873,-132.60106536471096,14811.650341975554,-0.0483373180645152,-0.0003946725493089267,-0.004317373386414145,-0.11619269688528387,1.000238935074386,8.983333333333335e-05,104,25
S-A,4,blocks,log,600,2000,2000,0,3.797344720135092,700.4556829606786,574.2025915665988,3.1059333203699198,3.1126002124661847,3.3450569498803744,0.8865,0.9185,0.664,0.9105,0.804,1.003427275850442,1.0804749595746297,1.3677315841336481,1.3184037214997149,1.3677315841336481,0.7610925693603322,1.2202075668822117,5754.228497884702,8084.359727017616,10.02125135343855,0.4091158733349962,0.30433114000211636,1.1537962097752799,0.8179224034892005,0.005775833333333333,220,7
S-A,4,blocks,raw,600,2000,2000,0,1.0,41.65258071435319,2180.4451793733106,1.0869609651715755,1.1418165389673482,1.1145344577043146,0.863,0.894,0.999,0.982,0.8675,0.2682554255077006,0.26347859088976344,0.15594459795270732,0.3279066228284263,0.15594459795270732,0.8180848047343723,1.2445285278059608,-3131.4750076149244,14970.53665907799,-1.4361631455989883,-0.0586311149017991,-0.09140709736507378,-0.701403970823929,1.0869609651715755,0.005775833333333333,266,8
S-A,4,blocks,log,3000,2000,2000,0,3.797344720135092,700.4556829606786,574.2025915665988,3.3599844578169864,3.390746310108677,3.5325553037129462,0.9235,0.943,0.674,0.7915,0.862,0.4493674416054083,0.48320309151904184,0.5805436082067451,0.49639364994573176,0.5805436082067451,0.9052642830030871,1.027298166460862,4955.394277234313,6568.333842673705,8.630045126955098,0.15756234627736138,0.3200253153012276,1.1521526554087573,0.8848247144908808,0.0009063333333333333,135,18
S-A,4,blocks,raw,3000,2000,2000,0,1.0,41.65258071435319,2180.4451793733106,1.0113651814076619,1.0268147298087187,1.0227329910592082,0.919,0.934,1.0,0.999,0.9205,0.11528220298191372,0.11783120796907356,0.03114649932781583,0.12461000725691276,0.031146499327815835,0.9251440194865923,1.0575297444936522,-1441.27793311372,14388.170084055288,-0.6610016829352082,-0.012068184409749704,-0.034359148667436445,-0.3473070291888433,1.0113651814076619,0.0009063333333333333,151,11
S-A,4,blocks,log,15000,2000,2000,0,3.797344720135092,700.4556829606786,574.2025915665988,3.652020067771995,3.660820903633803,3.712513465201144,0.9525,0.95,0.751,0.7835,0.9175,0.2099246553756141,0.21609499191492593,0.29191585435635187,0.2107160786638149,0.29191585435635187,0.9962441248279708,0.9751085705251853,3169.6837091211355,6338.467893518257,5.5201487343922935,0.04507182567843822,0.2464206388457162,0.7622770905353934,0.9617299289178237,0.00014863333333333333,73,22
S-A,4,blocks,raw,15000,2000,2000,0,1.0,41.65258071435319,2180.4451793733106,1.000543108671227,1.003825160536099,1.003384229473021,0.943,0.951,1.0,1.0,0.9405,0.05192356938254223,0.05269571817795268,0.006580057925791105,0.05243260641991766,0.006580057925791105,0.9902915938738825,0.9950069613408342,-299.4441775308663,13901.074085735223,-0.1373316698642846,-0.0011213083889728363,-0.00843303444180823,-0.1403142353682573,1.000543108671227,0.00014863333333333333,93,21
S-B,2,random,log,600,2000,2000,0,6.164813039042878,946.1924352539876,690.1017247570962,4.995179502630362,4.996048018755209,5.510940506612573,0.923,0.953,0.581,0.778,0.826,1.1084121752049685,1.255781586140671,1.6763967182110655,1.2595196823314017,1.6763967182110655,0.8800276730517387,1.00297670887357,6057.410674738916,7241.568186235261,8.777561999096609,0.35834246805717584,0.4730355843535393,1.5629206973231988,0.8102726669884366,0.0011983333333333332,141,13
S-B,2,random,raw,600,2000,2000,0,1.0,16.099994358611532,4254.348111048526,1.0107705484695397,1.0361137162828657,1.032995859672554,0.8995,0.937,1.0,0.9985,0.898,0.15390458060352472,0.16380880297169387,0.05036360516114061,0.16998650253268857,0.05036360516114061,0.9053929477367105,1.0377128667624915,-927.9069296323249,17366.49695579598,-0.21810789935655578,-0.008904217704897818,-0.016171037949091045,-0.3801447312087571,1.0107705484695397,0.0011983333333333332,193,8
S-B,2,random,log,3000,2000,2000,0,6.164813039042878,946.1924352539876,690.1017247570962,5.784136492064699,5.791693089032698,5.948387355741527,0.943,0.9455,0.683,0.7295,0.893,0.5438715648209522,0.5616025983006095,0.9070380043615114,0.5621578183186362,0.9070380043615114,0.9674713169473005,1.0009886350592156,3462.9399405443805,6496.1386721068375,5.018013745384095,0.0916159774072618,0.2810890311250357,0.9196406370869314,0.938250106764425,0.00021366666666666667,86,28
S-B,2,random,raw,3000,2000,2000,0,1.0,16.099994358611532,4254.348111048526,1.0007737608646536,1.0066983551569777,1.0061486744435528,0.933,0.9525,1.0,1.0,0.9305,0.07059226697167124,0.07325752375151541,0.010475965130222847,0.07260614269260883,0.010475965130222847,0.9722630118299537,0.9911083391090858,-335.617774556094,16982.792809856554,-0.07888817882215513,-0.0014402945020465224,-0.0077999894967914415,-0.18477218250622968,1.0007737608646536,0.00021366666666666667,113,21
S-B,2,random,log,15000,2000,2000,0,6.164813039042878,946.1924352539876,690.1017247570962,6.0841149782671256,6.094402533192601,6.132995765068408,0.9525,0.9555,0.7195,0.7305,0.936,0.24798863589049835,0.2511563172281342,0.4313413859150068,0.24893360575366508,0.4313413859150068,0.9962039281104463,0.9911500873280836,1436.176534938909,6285.684608820729,2.081108456067717,0.016992179389190693,0.15657919009820442,0.39172698537039036,0.9869098932498558,6.196666666666668e-05,67,28
S-B,2,random,raw,15000,2000,2000,0,1.0,16.099994358611532,4254.348111048526,0.9999465475356368,1.0025178442510416,1.0025344691663869,0.947,0.9535,1.0,1.0,0.945,0.03235020008160189,0.032761760594338774,0.0022220888040651596,0.032586158668090184,0.0022220888040651596,0.9927589321315323,0.9946400338973562,-761.0630631486138,16911.57484638727,-0.17889064159374635,-0.0014606359722126113,0.0005139650030580924,-0.13249153857077592,0.9999465475356368,6.196666666666668e-05,87,19
S-B,3,random,log,600,2000,2000,0,4.530248517922035,731.6062297349628,661.9741363101004,3.4011607070761682,3.444422305440293,3.847119647617516,0.909,0.953,0.548,0.836,0.792,0.9119277186155869,1.104238976048635,1.1819362526035562,1.0629969725363215,1.1819362526035562,0.8578836461215107,0.9626511974247709,7481.160636519278,8262.24162262921,11.301288413199792,0.46137316747278784,0.49047084912109445,1.6968345669883265,0.750766915682638,0.0033166666666666665,174,8
S-B,3,random,raw,600,2000,2000,0,1.0,27.518204050548473,2998.907349921552,1.0373955986696575,1.0840095901152285,1.0705512274165876,0.8855,0.9245,0.9995,0.996,0.884,0.20986443408751745,0.21415805709237462,0.09543459451689865,0.23678437028832458,0.09543459451689865,0.886310333034112,1.1056524022637653,-2666.173367499451,15629.167652898077,-0.8890482620509086,-0.03629524331221519,-0.058091102301267836,-0.5468086798086298,1.0373955986696575,0.0033166666666666665,225,4
S-B,3,random,log,3000,2000,2000,0,4.530248517922035,731.6062297349628,661.9741363101004,4.1403772740628515,4.168095864365577,4.300864639235189,0.9385,0.9465,0.691,0.783,0.889,0.4692778714698428,0.493830682769902,0.6634109576022832,0.5036052797907001,0.6634109576022832,0.9318366790452953,1.0197934177884054,4182.697618928777,6381.719991101843,6.318521207253633,0.11535988650958631,0.28213527669335076,0.9954562412878788,0.913940429025732,0.0004903333333333333,110,13
S-B,3,random,raw,3000,2000,2000,0,1.0,27.518204050548473,2998.907349921552,1.0043290522835158,1.0156953933108699,1.013982640638095,0.923,0.9435,1.0,1.0,0.9205,0.09333981028420833,0.09577439471756612,0.01896853680531591,0.09919152198361268,0.01896853680531591,0.9410059289102237,1.0356789231205636,-1000.1153649409732,16068.748211302798,-0.33349325212302244,-0.006088725898784567,-0.017698597507392236,-0.27575795881815673,1.0043290522835158,0.0004903333333333333,144,10
S-B,3,random,log,15000,2000,2000,0,4.530248517922035,731.6062297349628,661.9741363101004,4.414027910245281,4.410796440165624,4.459531891021035,0.946,0.95,0.7335,0.7615,0.921,0.21630471646969093,0.220847795209727,0.33723586620916596,0.2231568213967247,0.33723586620916596,0.9692946651411017,1.010455282946361,2695.1380695392886,6451.022154442122,4.071364607327735,0.03324255281593249,0.22514957190587556,0.6636524501537631,0.9743456441259291,8.24e-05,77,31
S-B,3,random,raw,15000,2000,2000,0,1.0,27.518204050548473,2998.907349921552,1.0001317483303198,1.0010886370928271,1.0010029986329776,0.949,0.9505,1.0,1.0,0.95,0.042324445622358625,0.04283161141847493,0.00406548050745277,0.04265349945039592,0.00406548050745277,0.9922854201348715,0.9958415767658423,269.4623677683828,15748.019465626254,0.08985351540634676,0.0007336508811361888,-0.0019971677372123933,-0.08316483650397521,1.0001317483303198,8.24e-05,80,22
S-B,4,random,log,600,2000,2000,0,3.5633711836326905,590.3137985743715,636.6501687249781,2.9119881776850955,2.9183136692512206,3.1426269563967324,0.892,0.9405,0.651,0.9225,0.8165,0.8971743147071103,0.9918953225806068,1.2945503720980223,1.2372515062720042,1.2945503720980223,0.7251349545012157,1.247360964514941,6091.978890896384,8083.8452705967275,9.568801188094893,0.3906446726828321,0.30941118264029044,1.176953613958318,0.8172003497868723,0.0058125,208,8
S-B,4,random,raw,600,2000,2000,0,1.0,41.1919164131928,2268.6208652894775,1.0788446085735048,1.133477631725956,1.1088735125773919,0.8815,0.8985,0.9985,0.9825,0.8805,0.2626332761339435,0.2620175452560152,0.14575702889860823,0.3102665747547768,0.1457570288986082,0.8464762159492014,1.1841442696198754,-3157.4935307344226,14307.967808534135,-1.3918119060989613,-0.05682048313121517,-0.08451594726522565,-0.6568592492283726,1.0788446085735048,0.0058125,234,3
S-B,4,random,log,3000,2000,2000,0,3.5633711836326905,590.3137985743715,636.6501687249781,3.163720026924837,3.18645006827102,3.3080434966395913,0.927,0.948,0.677,0.811,0.868,0.4092491417606825,0.44358907357086375,0.5183816806430265,0.43641132491651413,0.5183816806430265,0.9377601322306937,0.9838189236795911,5286.981137853109,6841.630652099507,8.304374046489876,0.15161643304076533,0.29736939627845155,1.1536417889243724,0.8878446459511333,0.0009351666666666667,129,17
S-B,4,random,raw,3000,2000,2000,0,1.0,41.1919164131928,2268.6208652894775,1.0100284915950966,1.0262228633370154,1.0225803396475166,0.908,0.931,1.0,1.0,0.9055,0.1139883595020015,0.11717780849801553,0.030629120478122877,0.12336609721736892,0.030629120478122877,0.9239844825532252,1.0528110979260907,-1417.9215490908086,15118.664230227294,-0.625014770332671,-0.011411156282837155,-0.03195165868239342,-0.34794564615450324,1.0100284915950966,0.0009351666666666667,168,16
S-B,4,random,log,15000,2000,2000,0,3.5633711836326905,590.3137985743715,636.6501687249781,3.4423575113937632,3.4459261543125193,3.4889465232756094,0.9415,0.95,0.766,0.807,0.923,0.19210709809104054,0.19837906451612133,0.26831879982326273,0.19839396514898977,0.26831879982326273,0.9683111981091365,1.0000751119222422,3218.5954412571505,6718.701970395484,5.055516513414336,0.041278119480264636,0.22465619026807743,0.7150399103769932,0.966039554679353,0.00014633333333333336,97,20
S-B,4,random,raw,15000,2000,2000,0,1.0,41.1919164131928,2268.6208652894775,1.0007732630168034,1.003611094740213,1.0030763481053309,0.937,0.9455,1.0,1.0,0.937,0.05152395562596428,0.05240350905120305,0.00632110849884895,0.052629121798355494,0.00632110849884895,0.9790008623623708,1.0043052984664063,-244.61651703641627,14508.969480147349,-0.10782608975308136,-0.0008803963361819705,-0.010257072314924549,-0.13826019460206107,1.0007732630168034,0.00014633333333333336,110,16
S-B,5,random,log,600,2000,2000,0,4.6260924319167,1520.1579212315646,373.7728405949736,3.9021745176285876,3.5067541759673113,4.02857798574652,0.8705,0.911,0.5285,0.8935,0.7525,1.6329089000143797,1.591727531767275,5.876792982087159,5.651319369495422,5.876792982087159,0.28894295176953944,3.550431375161824,6351.460010643948,7997.989013398721,16.992834472760673,0.6937295623639945,0.5581205491918257,1.8229882167222022,0.8435141699085819,0.0069925,244,15
S-B,5,random,raw,600,2000,2000,0,1.0,60.87504769733643,1729.1077091324144,1.1376369402951885,1.2220149261010365,1.1838408702920593,0.8625,0.865,0.9995,0.967,0.8665,0.3340212353173667,0.3185253723471555,0.24910615382599682,0.4549355804638083,0.24910615382599682,0.7342165564997818,1.4282553917493945,-3932.035876639899,13173.01752348602,-2.2740259937958474,-0.09283672244375418,-0.09856166240942366,-0.8405271724897807,1.1376369402951885,0.0069925,273,2
S-B,5,random,log,3000,2000,2000,0,4.6260924319167,1520.1579212315646,373.7728405949736,3.863588111571909,3.9006612416669815,4.1168740610877625,0.9135,0.9365,0.598,0.733,0.8345,0.65025161846955,0.7118421925379165,0.9068380736374541,0.7324324334982111,0.9068380736374541,0.8877974113787497,1.0289252887453675,5241.849969356556,6270.832216490263,14.024159596541448,0.25604495203594335,0.3473932054714325,1.536641909491742,0.8351731333589314,0.0013833333333333332,150,23
S-B,5,random,raw,3000,2000,2000,0,1.0,60.87504769733643,1729.1077091324144,1.0195394378516627,1.0395672422834523,1.0327987292678094,0.8935,0.924,1.0,0.9995,0.899,0.13918972374431463,0.14244887702533426,0.04107609559335922,0.15578308585997216,0.04107609559335922,0.8934841865273312,1.0936069775563513,-1574.031103881164,14104.038917568882,-0.9103140860270291,-0.016619985311056736,-0.049094193623768656,-0.4138116670086851,1.0195394378516627,0.0013833333333333332,197,16
S-B,5,random,log,15000,2000,2000,0,4.6260924319167,1520.1579212315646,373.7728405949736,4.3218283537360165,4.332934902377276,4.432258409305524,0.9435,0.9555,0.6665,0.711,0.8995,0.30582526910963537,0.318345506353455,0.4629908803489925,0.31292982191186625,0.46299088034899255,0.9772966578933733,0.9829880292527964,3716.719625965701,5556.892850729024,9.943792652375189,0.08119072702118585,0.3264208835451232,1.1519983699376697,0.9342287075628924,0.00024116666666666668,88,25
S-B,5,random,raw,15000,2000,2000,0,1.0,60.87504769733643,1729.1077091324144,1.0026135046346951,1.0065470802975822,1.0054007592006837,0.95,0.9525,1.0,1.0,0.95,0.06254713250506365,0.06370507446943109,0.009422090677937815,0.06304979173494649,0.009422090677937815,0.992027583025239,0.9897138063185368,-553.9595238821237,13301.415520282844,-0.32037305770851876,-0.0026158350624036655,-0.01852614700331637,-0.17714287192271766,1.0026135046346951,0.00024116666666666668,84,16
S-B,6,random,log,600,2000,2000,0,7.184846089325068,6275.059082292178,181.67984696307724,7.927268741608266,4.554125468107333,6.2818037548142565,0.857,0.9045,0.4125,0.927,0.693,4.524028284362653,3.233949876516378,46.212849557958116,45.37876745450143,46.212849557958116,0.09969482509410652,14.031994677475828,6807.922905961828,7688.301191713925,37.472086308754996,1.5297915175663552,1.2550659979900014,3.31035744695631,1.1033317405902763,0.008753333333333333,270,16
S-B,6,random,raw,600,2000,2000,0,1.0,90.46362969076122,1305.3417379618422,1.2388725290546032,1.3277470997344325,1.2646598318883147,0.8535,0.8305,1.0,0.9305,0.862,0.46222021108933214,0.38829462544731247,0.43520817871343415,0.6843777191781354,0.43520817871343415,0.6753875793098719,1.7625217407779914,-3705.6384895707406,12391.765739065044,-2.838826325554193,-0.1158945994331309,-0.11480481117860333,-0.8982151916099169,1.2388725290546032,0.008753333333333333,291,2
S-B,6,random,log,3000,2000,2000,0,7.184846089325068,6275.059082292178,181.67984696307724,5.238353771183763,5.259934338280881,5.899073362161291,0.902,0.9375,0.4545,0.5865,0.7535,1.225595977472217,1.4462663519435344,1.9995119114985271,1.5704474096326695,1.9995119114985274,0.7804119832060381,1.0858632004556126,5196.346189994639,5103.778684419505,28.60166538477265,0.5221925771151552,0.6026740939124253,2.323034887862969,0.7290836443896386,0.0015493333333333336,173,23
S-B,6,random,raw,3000,2000,2000,0,1.0,90.46362969076122,1305.3417379618422,1.0274807860200306,1.0588421646863084,1.0494452335539224,0.903,0.9245,1.0,0.9975,0.8995,0.16952195992235813,0.17365063555960208,0.0610104135015142,0.18812380458002825,0.061010413501514205,0.9011191342892662,1.0833464788296645,-1873.2602337279004,12580.492040151505,-1.435072655113905,-0.026200722162157245,-0.05347405191092489,-0.4698510567756597,1.0274807860200306,0.0015493333333333336,187,7
S-B,6,random,log,15000,2000,2000,0,7.184846089325068,6275.059082292178,181.67984696307724,6.425706932758906,6.44871233841707,6.702584392743171,0.942,0.9475,0.61,0.6565,0.8685,0.6258304269148273,0.6467899753032756,0.9703689079728933,0.6582480276977251,0.9703689079728932,0.950751693254166,1.0177152597163814,3148.505419279287,3948.9472491907054,17.329965166247398,0.1414985730583759,0.4063973404367579,1.4696999948140572,0.894341625815192,0.0003025333333333334,88,28
S-B,6,random,raw,15000,2000,2000,0,1.0,90.46362969076122,1305.3417379618422,1.0041377963868703,1.0115679036827447,1.0101756902036059,0.9345,0.945,1.0,1.0,0.935,0.07630877764329799,0.0776589250894625,0.012703581275580772,0.0782854687320174,0.012703581275580774,0.9747502171126303,1.0080678897091755,-893.6617040179472,12261.629717633241,-0.6846189607123945,-0.005589890406599633,-0.018300626045127083,-0.23142587637533943,1.0041377963868703,0.0003025333333333334,119,12
S-B,7,random,log,600,2000,2000,0,12.036388740628864,32824.74629478422,79.63335553075495,30.705972192088694,7.190565123385842,12.683682201713436,0.831,0.8965,0.3215,0.9145,0.6675,19.220432181931617,7.396479601222938,266.9885949256177,267.9702771423535,266.9885949256177,0.0717259853850178,36.22943502717794,6074.025457577884,6070.014929033589,76.27489030312243,3.113909357156842,2.8092493126086837,5.751991237124022,2.5510950878846743,0.009199166666666666,324,14
S-B,7,random,raw,600,2000,2000,0,1.0,137.4332280070901,958.4980238888742,1.4772993866062785,1.570915755150285,1.4562109761975166,0.8405,0.7725,0.998,0.8775,0.8505,0.7121496894597165,0.4785973046432845,1.1461656403941076,1.3539966401049337,1.1461656403941076,0.525961193969082,2.829093743254813,-4501.270365505005,10014.535018170902,-4.696170730996593,-0.19172036726557895,-0.14335309800872983,-1.101256213320699,1.4772993866062785,0.009199166666666666,318,1
S-B,7,random,log,3000,2000,2000,0,12.036388740628864,32824.74629478422,79.63335553075495,7.308555550600103,6.982286400251494,8.49598669750346,0.894,0.948,0.3405,0.5555,0.7025,2.356808522123571,3.307806236505005,5.0279385706017115,3.7842415701608503,5.0279385706017115,0.6227954739219764,1.1440336282089008,4972.9175367962625,4691.927058044016,62.44767037194215,1.1401332575453247,0.8928187894251105,3.7363903931098457,0.6072050104139669,0.001780666666666667,184,28
S-B,7,random,raw,3000,2000,2000,0,1.0,137.4332280070901,958.4980238888742,1.046182617930985,1.0876153475598411,1.0719365276585862,0.905,0.916,1.0,0.9955,0.905,0.21288876584764893,0.21403522140611195,0.09024152037163649,0.24252668753743356,0.09024152037163649,0.8777952150721142,1.1331157832068288,-1908.380637431108,11568.708959920228,-1.991011551268843,-0.03635073129610996,-0.06821842782693724,-0.5236003450381115,1.046182617930985,0.001780666666666667,187,3
S-B,7,random,log,15000,2000,2000,0,12.036388740628864,32824.74629478422,79.63335553075495,9.745259145346587,9.791162777874105,10.576967181118803,0.936,0.945,0.4865,0.535,0.8205,1.3572775505791905,1.4792959202445877,2.222201702654981,1.4564731912086313,2.222201702654981,0.9318932602205161,0.9845718975334004,2833.208992518491,2842.3311607218384,35.578169143259146,0.29049453461139424,0.5900408863475486,2.101161411865854,0.8096497508801321,0.00027880000000000005,102,26
S-B,7,random,raw,15000,2000,2000,0,1.0,137.4332280070901,958.4980238888742,1.0047819258788206,1.0144547900941785,1.0129208328187034,0.927,0.943,1.0,1.0,0.9275,0.09370551672435709,0.0957194609286569,0.018384196950839923,0.09785221595405365,0.018384196950839923,0.9576228377736112,1.0222813104535384,-613.475676243045,11196.40597380871,-0.6400385404593905,-0.005225892799470644,-0.015536259802464099,-0.24298472616981268,1.0047819258788206,0.00027880000000000005,134,12
S-B,8,random,log,600,2000,2000,0,21.09630324613971,200458.3825154392,32.52621210053213,207.38172339141914,18.839937671585286,38.36932473907681,0.7945,0.8555,0.2705,0.8675,0.632,138.4567411476676,18.27832881289749,1362.0052362725783,1369.8313770776554,1362.0052362725783,0.10107575535541155,74.9429223590222,5265.041679931412,5843.1024823929265,161.87072947990998,6.6083448586311695,6.6133031385404,9.912188068653727,9.830239970093658,0.009179999999999999,388,23
S-B,8,random,raw,600,2000,2000,0,1.0,212.4532848273431,686.1828339210846,2.1655376724301267,2.1127668037220446,1.8982331488197128,0.7965,0.656,0.998,0.776,0.817,1.3723709529986172,0.5950536177905079,4.543017813431075,4.884327118797612,4.543017813431075,0.2809744146162875,8.208213466432813,-4495.734356306298,8670.52952617031,-6.551802426499256,-0.267476214007531,-0.1618858714792069,-1.483896917541669,2.1655376724301267,0.009179999999999999,404,3
S-B,8,random,log,3000,2000,2000,0,21.09630324613971,200458.3825154392,32.52621210053213,9.921785713560572,8.978100044400945,13.026710865354193,0.867,0.96,0.234,0.6795,0.6205,4.156651356295843,8.174317148146367,11.095089576792075,9.109346637716742,11.095089576792073,0.45630620082953693,1.1143862505729187,4486.756803784899,4407.17205911198,137.94280102205616,2.5184794588408943,1.5701414627387218,6.269896483662584,0.47030920999754317,0.0019135,224,42
S-B,8,random,raw,3000,2000,2000,0,1.0,212.4532848273431,686.1828339210846,1.06896093521783,1.1344971439720166,1.1101751893739142,0.883,0.8965,0.9995,0.993,0.8855,0.2675012187053969,0.26611606792735076,0.12672349945046404,0.32300653072754215,0.12672349945046404,0.8281604031437857,1.2137806380624951,-1868.9555771341743,10463.36875853691,-2.7236991144973994,-0.04972771482890239,-0.08242666163473428,-0.6235792899287723,1.06896093521783,0.0019135,230,4
S-B,8,random,log,15000,2000,2000,0,21.09630324613971,200458.3825154392,32.52621210053213,14.12971270518933,14.08703998747645,16.376845232095917,0.924,0.957,0.345,0.4305,0.7165,2.9445956136286577,3.6556657625794986,5.147870271192679,3.3396356396118336,5.147870271192679,0.8817116390490157,0.9135505969384169,2662.10218317179,2264.776967758918,81.84482641088842,0.6682602093111365,0.8596626005467216,3.215347066457837,0.6697719757026552,0.0003050333333333334,116,36
S-B,8,random,raw,15000,2000,2000,0,1.0,212.4532848273431,686.1828339210846,1.0055579749462873,1.0209073032958171,1.0184725126083594,0.928,0.946,1.0,1.0,0.929,0.11604753362717253,0.11901072355810158,0.025588965500398558,0.12036427864289354,0.025588965500398558,0.964135995626009,1.0113733875765503,-598.3512734800254,9783.415821687056,-0.8719997701790941,-0.007119848309209933,-0.01976059155716804,-0.269398585315042,1.0055579749462873,0.0003050333333333334,132,12
S-B,9,random,log,600,2000,1999,1,37.667446846106394,1377050.9551207582,12.541630488966439,6180.476628590332,147.94534960296377,222.14021593090476,0.7788894447223612,0.7368684342171086,0.3401700850425213,0.753376688344172,0.6473236618309155,5373.846803361083,47.907044630213456,76567.2705020235,76581.00320084639,76567.2705020235,0.07017206067759753,1598.5332385239474,3904.1405877499774,5022.451188676599,311.29449964138746,12.708544730940005,23.361452531743563,14.942179654582423,164.08005177099483,0.008960313490078371,416,26
S-B,9,random,raw,600,2000,1999,1,1.0,338.440737496488,472.4111998066507,5.2284195501980735,3.817458375712013,3.410737567198946,0.776888444222111,0.5552776388194097,0.9934967483741871,0.689344672336168,0.791895947973987,4.31677576639281,0.7510445365139673,19.24754403896554,23.253071596219428,19.24754403896554,0.18564324925979447,30.960975635546728,-4196.903704692114,6253.282204730583,-8.884005515554733,-0.3626880064196751,-0.12984844635031723,-2.4912954342341256,5.2284195501980735,0.008960313490078371,436,10
S-B,9,random,log,3000,2000,2000,0,37.667446846106394,1377050.9551207582,12.541630488966439,17.15357909517284,10.485045681768373,18.866671623485587,0.841,0.955,0.1755,0.9685,0.5785,8.458711851667088,21.42468167885471,42.43245440820199,40.448161418027155,42.432454408202,0.20912475512167936,1.8879235651817337,3973.3350545385047,3718.709891574149,316.8116823433816,5.784163496687708,2.9689956657318928,11.982861931308806,0.45539532225943713,0.0019140000000000001,258,60
S-B,9,random,raw,3000,2000,2000,0,1.0,338.440737496488,472.4111998066507,1.115789610400468,1.2040879015067758,1.1684450724508275,0.871,0.879,0.999,0.9765,0.8725,0.3550970253985622,0.33587732755501076,0.2114741115851884,0.4344646616059391,0.2114741115851884,0.817320847421732,1.293521848493276,-1774.8036957383022,8881.835031193015,-3.756904358882044,-0.06859137545830599,-0.08010705129167778,-0.6736181297726028,1.115789610400468,0.0019140000000000001,251,7
S-B,9,random,log,15000,2000,2000,0,37.667446846106394,1377050.9551207582,12.541630488966439,19.56771607767026,18.84778829025235,24.627210545666905,0.896,0.9675,0.245,0.3915,0.6505,5.805380302487091,9.58140892604269,11.46300093845202,8.171177104084764,11.46300093845202,0.7104705024181873,0.8528158193807119,2310.066326798873,2045.1859941113719,184.19186634713606,1.5039202910713325,1.2709826890764315,5.009488485049799,0.5194861270426916,0.0003576,152,56
S-B,9,random,raw,15000,2000,2000,0,1.0,338.440737496488,472.4111998066507,1.01011499957668,1.0391536454021413,1.0345221237673654,0.914,0.932,1.0,0.9985,0.914,0.14593477292504017,0.15020890730279346,0.0385908276912855,0.15966727449447807,0.0385908276912855,0.9139930106972997,1.0629680846597085,-892.8364749099791,8804.242714156931,-1.889956197641802,-0.015431427734776968,-0.03041922097672719,-0.36108645390857674,1.01011499957668,0.0003576,160,12
S-B,2,blocks,log,600,2000,2000,0,6.160043724352415,942.4057491907507,691.4949409346087,4.948068755543002,4.942847137167606,5.550747015241519,0.92,0.944,0.5655,0.75,0.773,1.1124260190276694,1.2532662321515133,1.7145234333865589,1.2974468958598402,1.7145234333865587,0.857396185213766,1.0352524169046513,6723.061396503539,9335.04632287463,9.72250265116445,0.39691950863682635,0.6422472133474757,1.661788664121139,0.8032522132889853,0.0014100000000000002,143,17
S-B,2,blocks,raw,600,2000,2000,0,1.0,16.086594054127495,4259.639071325681,1.0162742854383704,1.0402856215045926,1.0327344603704147,0.899,0.929,0.9975,0.993,0.8845,0.1568749824338981,0.1637406183273182,0.0793989212044812,0.17824179459408104,0.0793989212044812,0.8801245678161923,1.0885618755742998,-1073.5615972831804,18655.79979606157,-0.25203111796724775,-0.010289127305382511,-0.032628798124473495,-0.3991126058058859,1.0162742854383704,0.0014100000000000002,196,6
S-B,2,blocks,log,3000,2000,2000,0,6.160043724352415,942.4057491907507,691.4949409346087,5.755414391049313,5.751459902146618,5.952093451832297,0.944,0.9485,0.6265,0.669,0.8515,0.5469581494932677,0.5604776977991633,0.9887087943040324,0.5688138552842074,0.9887087943040324,0.9615766993228049,1.0148733081044576,3876.976017236028,7007.503754430498,5.606658541848471,0.10236311185331433,0.3928515213903635,1.025637708348629,0.9343138861655337,0.00026716666666666664,83,29
S-B,2,blocks,raw,3000,2000,2000,0,1.0,16.086594054127495,4259.639071325681,1.0020336573790625,1.007764920194653,1.006309176107965,0.9275,0.943,1.0,1.0,0.92,0.0711619045089871,0.07322703065154627,0.02434710869946637,0.07354058106774077,0.02434710869946637,0.9676549121013528,1.0042818944507874,-438.5756901307525,18035.188068344385,-0.1029607632916794,-0.0018797977530934217,-0.014340455795624934,-0.19971967479394112,1.0020336573790625,0.00026716666666666664,124,21
S-B,2,blocks,log,15000,2000,2000,0,6.160043724352415,942.4057491907507,691.4949409346087,6.059210360765212,6.059855831378152,6.121537152973086,0.949,0.951,0.6705,0.6835,0.8785,0.24785145664881747,0.2506532464303027,0.47117855231946076,0.25179205938086685,0.4711785523194607,0.9843497736118488,1.004543380015151,1938.381979777249,6816.949759066298,2.8031759381455146,0.022887835692346835,0.2648534801355469,0.5351417633191058,0.9836310636581067,6.163333333333335e-05,75,27
S-B,2,blocks,raw,15000,2000,2000,0,1.0,16.086594054127495,4259.639071325681,1.0000423877551106,1.0011980227527715,1.0011662623119781,0.9415,0.949,1.0,1.0,0.932,0.032519205426286904,0.03274812366546364,0.009909639443832913,0.03346774413760221,0.009909639443832911,0.971658122297834,1.0219744031593934,8.919080377878098,18192.347505598835,0.002093858242102712,1.7096280956242382e-05,0.0007428072273162518,-0.0919282635958657,1.0000423877551106,6.163333333333335e-05,99,18
S-B,3,blocks,log,600,2000,2000,0,4.447303884812351,668.7553729375887,707.4966731051694,3.3978072268185118,3.41873480898898,3.8583238263266235,0.9065,0.954,0.545,0.808,0.77,0.8933195336377575,1.0557425293267835,1.3119717482445121,1.013705360347027,1.3119717482445121,0.8812417972535361,0.9601823666168279,8006.0626038586,8911.556155087585,11.316042757798943,0.46197551106873963,0.6209768574028549,1.7557512118686005,0.7640150785337841,0.003656666666666666,179,8
S-B,3,blocks,raw,600,2000,2000,0,1.0,26.433523524506462,3146.452702792434,1.0417684120116326,1.0751848842581355,1.054301985085459,0.892,0.9175,0.9975,0.989,0.89,0.20766647607326633,0.20989490832519997,0.11550650700843394,0.23545552204866319,0.11550650700843394,0.8819775143364295,1.1217781504440354,-1964.6849543829528,17207.42889948467,-0.6244126767388943,-0.02549154078226183,-0.08155299942732587,-0.4862053279121795,1.0417684120116326,0.003656666666666666,209,7
S-B,3,blocks,log,3000,2000,2000,0,4.447303884812351,668.7553729375887,707.4966731051694,4.071503010296346,4.08576256894905,4.317617550143556,0.9325,0.9515,0.6685,0.743,0.8225,0.4493345326343174,0.4721424124624507,0.6792262777054965,0.4713396358720698,0.6792262777054964,0.9533137008581112,0.9982997151512104,4639.378614939498,7244.674578480111,6.5574564394451285,0.11972222705805353,0.5527827885287239,1.076745423601627,0.9154991688786156,0.0005166666666666666,115,20
S-B,3,blocks,raw,3000,2000,2000,0,1.0,26.433523524506462,3146.452702792434,1.0056198816609776,1.0138181810261508,1.0111079340395075,0.9285,0.943,1.0,0.9995,0.9215,0.09180853008526099,0.09386785662924674,0.03350075590692055,0.09624552471196031,0.03350075590692055,0.9538992110025045,1.025329949655767,-706.8278103737069,17302.782966127088,-0.22464275714248202,-0.004101396848903072,-0.022951688259132092,-0.24258902365008328,1.0056198816609776,0.0005166666666666666,133,10
S-B,3,blocks,log,15000,2000,2000,0,4.447303884812351,668.7553729375887,707.4966731051694,4.307518918403442,4.309125348884102,4.453445701505404,0.944,0.9485,0.7115,0.7385,0.8195,0.20597097739461337,0.21114850586535672,0.3266584485349298,0.21086894645474863,0.32665844853492976,0.9767724497016618,0.9986760057360465,3314.710632582874,6919.852278829599,4.685125398589885,0.03825388869166291,0.7202918595945214,0.7823675805033007,0.9685686047031151,8.600000000000002e-05,86,26
S-B,3,blocks,raw,15000,2000,2000,0,1.0,26.433523524506462,3146.452702792434,0.9996391068596986,1.0007519705080203,1.001076183094858,0.9375,0.9455,1.0,1.0,0.9285,0.04156207394421575,0.041978981665039994,0.012675326291137207,0.04264618631189599,0.012675326291137209,0.9745789140498636,1.0158937787528954,440.2978684029708,16882.816785414085,0.1399346851812558,0.0011425619200369308,0.010899113131558984,-0.07881572399840439,0.9996391068596986,8.600000000000002e-05,102,23
S-B,4,blocks,log,600,2000,2000,0,3.4623409472113975,496.6406584877826,735.3083899915991,2.8854987439605195,2.894068478465857,3.176659012760217,0.8885,0.9235,0.658,0.899,0.7815,0.8444063998787585,0.9097991156365074,1.353358192164957,1.2595776099763896,1.353358192164957,0.6703885438981301,1.384456841437104,6361.051875164709,9832.72570501627,8.650862633618779,0.3531699881212578,0.4903743409215403,1.1668303180574222,0.8333953206672289,0.006189999999999999,213,10
S-B,4,blocks,raw,600,2000,2000,0,1.0,37.210237339865756,2545.888347496001,1.0875107779112256,1.1400109508699288,1.1022635405064354,0.8735,0.8935,0.997,0.9745,0.8725,0.25658457372519805,0.2490322513914806,0.17313979708340638,0.31384033686113727,0.1731397970834064,0.8175640400192637,1.2602397284188618,-3740.7384022376796,16810.364108700003,-1.469325395167808,-0.05998495807123976,-0.12359957871822123,-0.6978923445404006,1.0875107779112256,0.006189999999999999,244,9
S-B,4,blocks,log,3000,2000,2000,0,3.4623409472113975,496.6406584877826,735.3083899915991,3.0881022598385592,3.1063731458228427,3.3184722442711045,0.932,0.954,0.6625,0.7825,0.797,0.3714839317912171,0.40687453368648446,0.5063833894187224,0.3943320109690689,0.5063833894187224,0.9420587765073832,0.9691734879453522,5855.339672491506,7585.37243115595,7.963107387579792,0.14538578480044953,0.608949539376247,1.2002061962757793,0.8919116594585367,0.0009931666666666667,113,23
S-B,4,blocks,raw,3000,2000,2000,0,1.0,37.210237339865756,2545.888347496001,1.0120000505065254,1.0249439275225258,1.0179464352001466,0.931,0.949,0.9995,0.999,0.9275,0.10766913677565462,0.11137060854023345,0.0431973729959404,0.11115934463605663,0.0431973729959404,0.9686017592868221,0.9981030551332537,-1663.6664097440048,15858.31133704922,-0.6534718662663652,-0.011930709394969582,-0.06017795652982606,-0.3285729602048905,1.0120000505065254,0.0009931666666666667,128,10
S-B,4,blocks,log,15000,2000,2000,0,3.4623409472113975,496.6406584877826,735.3083899915991,3.348277161094937,3.355452814063152,3.501699387301921,0.9465,0.957,0.759,0.799,0.7955,0.17642497483719188,0.1819598231273015,0.25058340558701303,0.17779755903168168,0.25058340558701303,0.9922800728988342,0.9771253674350527,3436.3884470627086,7253.998295205697,4.673397575542378,0.03815813141746276,0.8488070749600106,0.7021647869070547,0.9670558769758568,0.00015110000000000001,85,22
S-B,4,blocks,raw,15000,2000,2000,0,1.0,37.210237339865756,2545.888347496001,1.001365369229934,1.0051404796208268,1.0038355379358541,0.9425,0.9485,1.0,0.9995,0.9385,0.04903089013521988,0.04980645027829612,0.014974504048913416,0.050104261350880974,0.014974504048913416,0.978577246990146,1.0059793675502031,-790.3852062486037,15859.962435806523,-0.31045556535343904,-0.0025348590764106725,-0.025286542834657352,-0.1699783134317767,1.001365369229934,0.00015110000000000001,100,15
