scenario,dy,family,param,predictor,alpha_P,alpha_Q,discrepancy,cov_rho_r,identity_residual,E_Ptilde_rho,chi,sd_r,chi_bound,tv,range_r,tv_bound,ratio_chi_bound,ratio_tv_bound,rel_err_P_factor,r_min,r_max,support_P,support_Q
S-A,3,generator lower triangle,,f1,1.007649905501887,0.9350046582852202,-0.07264524721666688,-0.07264524721666707,1.942890293094024e-16,1.0,0.3058421263233836,0.5667262476658077,0.17332876062938313,0.11583378732064628,1.6782759435616819,0.19440105871188082,2.385961467133897,2.6760327228576037,0.07769506448224206,0.152641842243865,1.830917785805547,20,16
S-B,3,generator lower triangle,,f1,1.053931675608464,1.1296422792341245,0.07571060362566051,0.07571060362566048,2.7755575615628914e-17,1.0,0.4090713199107067,0.5834521301807178,0.23867353299773975,0.1689147709415626,1.6782759435616819,0.28348559658345635,3.1524452529506237,3.7443314807673107,-0.06702175105998232,0.152641842243865,1.830917785805547,20,16
S-A,3,type-mix shift eps,0.25,f1,1.007649905501887,1.079425138234308,0.07177523273242103,0.07177523273242047,5.689893001203927e-16,1.0,0.13537877806996346,0.5667262476658077,0.07672270690917253,0.053667015396314056,1.6782759435616819,0.09006806090238828,1.0689301028837586,1.2548626799743463,-0.06649394218280746,0.152641842243865,1.830917785805547,20,20
S-A,3,type-mix shift eps,0.5,f1,1.007649905501887,1.1339030319469727,0.12625312644508568,0.12625312644508543,2.498001805406602e-16,1.0,0.23813219874002442,0.5667262476658077,0.13495576744034243,0.09440064800654666,1.6782759435616819,0.1584303366060213,1.068930102883765,1.2548626799743547,-0.11134384765538752,0.152641842243865,1.830917785805547,20,20
S-A,3,type-mix shift eps,1.0,f1,1.007649905501887,1.2111210157557646,0.20347111025387754,0.2034711102538774,1.3877787807814457e-16,1.0,0.38377681590249324,0.5667262476658077,0.21749639481755148,0.1521372594834876,1.6782759435616819,0.2553283027105386,1.0689301028837663,1.2548626799743567,-0.16800229506950415,0.152641842243865,1.830917785805547,20,20
S-A,3,type-mix shift eps,2.0,f1,1.007649905501887,1.300754104036456,0.29310419853456904,0.2931041985345687,3.3306690738754696e-16,1.0,0.5528381690201419,0.5667262476658077,0.3133079010952206,0.21915676113682375,1.6782759435616819,0.36780552008482503,1.0689301028837659,1.254862679974356,-0.22533405631780679,0.152641842243865,1.830917785805547,20,20
S-A,3,reporting-delay scale,0.5,f1,1.007649905501887,0.9918452928272864,-0.01580461267460065,-0.015804612674601023,3.7470027081099033e-16,1.0000000000000002,0.3770400335813708,0.5667262476658077,0.2136784834513604,0.14162259314283882,1.6782759435616819,0.23768179113645,13.520007598462684,15.038760900380986,0.01593455429883539,0.152641842243865,1.830917785805547,20,20
S-A,3,reporting-delay scale,1.5,f1,1.007649905501887,1.0144023975545604,0.0067524920526733645,0.006752492052673059,3.0531133177191805e-16,1.0,0.33359946505959515,0.5667262476658077,0.18905957305654508,0.098901084757895,1.6782759435616819,0.1659833113413301,27.99848879225188,24.58104504922979,-0.00665662075420137,0.152641842243865,1.830917785805547,20,20
S-A,3,reporting-delay scale,2.0,f1,1.007649905501887,1.01330367657041,0.005653771068522939,0.005653771068522689,2.498001805406602e-16,1.0,1.1231710251086802,0.5667262476658077,0.636530500546801,0.16425262523295076,1.6782759435616819,0.27566122959531375,112.58512112219219,48.75705546870169,-0.005579542637858093,0.152641842243865,1.830917785805547,20,20
S-A,3,generator lower triangle,,f2,5.080395842583299,5.316199697445956,0.23580385486265687,0.23580385486265687,0.0,1.0,0.41849276958635184,16.694033867505283,6.986332468780643,0.1852227869658747,271.4422812894422,50.27729584080538,29.62772798116387,213.21659847371544,-0.04435571804722527,2.2385469629047114,273.6808282523469,20,16
S-B,3,generator lower triangle,,f2,4.530248517922035,3.977824799536967,-0.5524237183850684,-0.5524237183850682,-2.220446049250313e-16,0.9999999999999999,0.4368486245401213,14.96801117047079,6.5387550919213355,0.19574918662401436,271.4422812894422,53.13460577777522,11.83648506446546,96.18451201390597,0.1388758294355681,2.2385469629047114,273.6808282523469,20,16
S-A,3,type-mix shift eps,0.25,f2,5.080395842583299,4.508507686867021,-0.5718881557162785,-0.5718881557162795,9.992007221626409e-16,0.9999999999999999,0.05132484586844827,16.694033867505283,0.8568187151723641,0.012054806514182798,271.4422812894422,3.272184180712607,1.49822776815375,5.721720493781274,0.12684644131408507,2.2385469629047114,273.6808282523469,20,20
S-A,3,type-mix shift eps,0.5,f2,5.080395842583299,4.190349401354477,-0.8900464412288223,-0.8900464412288227,4.440892098500626e-16,1.0,0.07987837474027586,16.694033867505283,1.3334922931954436,0.018761251707009236,271.4422812894422,5.092596963196028,1.498227768153747,5.721720493781258,0.21240387279903827,2.2385469629047114,273.6808282523469,20,20
S-A,3,type-mix shift eps,1.0,f2,5.080395842583299,3.8473631281897793,-1.23303271439352,-1.23303271439352,0.0,0.9999999999999999,0.11066012363508072,16.694033867505283,1.8473638517463593,0.025991045013084094,271.4422812894422,7.055068551448126,1.4982277681537464,5.721720493781249,0.3204877401249291,2.2385469629047114,273.6808282523469,20,20
S-A,3,type-mix shift eps,2.0,f2,5.080395842583299,3.553082040993294,-1.5273138015900054,-1.5273138015900052,-2.220446049250313e-16,0.9999999999999999,0.13707076230872411,16.694033867505283,2.288263948226607,0.032194183741309376,271.4422812894422,8.738862678992486,1.4982277681537461,5.721720493781252,0.42985604722007253,2.2385469629047114,273.6808282523469,20,20
S-A,3,reporting-delay scale,0.5,f2,5.080395842583299,4.651529143377218,-0.42886669920608167,-0.4288666992060826,9.43689570931383e-16,1.0,0.4224413039642161,16.694033867505283,7.052249435411717,0.19730274370443174,271.4422812894422,53.556306855797075,16.443919400752836,124.87867898099934,0.09219907819274797,2.2385469629047114,273.6808282523469,20,20
S-A,3,reporting-delay scale,1.5,f2,5.080395842583299,5.549671132754545,0.4692752901712458,0.4692752901712446,1.2212453270876722e-15,1.0000000000000002,0.2682778021923865,16.694033867505283,4.478638715699583,0.09685823949966799,271.4422812894422,26.291421491469038,9.543734369788059,56.025582514423235,-0.08455911691803686,2.2385469629047114,273.6808282523469,20,20
S-A,3,reporting-delay scale,2.0,f2,5.080395842583299,5.947775351471584,0.867379508888285,0.8673795088882846,3.3306690738754696e-16,1.0,1.4693388360735338,16.694033867505283,24.529192292252365,0.15123783347738734,271.4422812894422,41.05234253637479,28.27965387802541,47.32915882344434,-0.14583259414356997,2.2385469629047114,273.6808282523469,20,20
S-A,5,generator lower triangle,,f1,0.856988795624219,0.8004799133460517,-0.056508882278167305,-0.056508882278166986,-3.191891195797325e-16,1.0,0.2066130837112316,0.669374345799824,0.13830149774288994,0.0782005039389746,1.8170537238469566,0.1420945168890224,2.44742936273443,2.5145518927370794,0.07059375424169856,0.01386406195859039,1.830917785805547,36,32
S-B,5,generator lower triangle,,f1,0.8764380948796446,0.9914625672239678,0.11502447234432311,0.11502447234432296,1.5265566588595902e-16,1.0000000000000002,0.33893691044349616,0.6793955737995825,0.23027223675261677,0.12350313228792745,1.8170537238469566,0.22441182643054186,2.0019412570161776,1.9509920094114426,-0.1160149421136335,0.01386406195859039,1.830917785805547,36,32
S-A,5,type-mix shift eps,0.25,f1,0.856988795624219,0.943647257532863,0.08665846190864401,0.08665846190864425,-2.3592239273284576e-16,0.9999999999999999,0.1331398063106876,0.669374345799824,0.08912037074913179,0.06169309456861325,1.8170537238469566,0.11209966722154116,1.0284093299865296,1.2935801623125673,-0.09183353336416189,0.01386406195859039,1.830917785805547,36,36
S-A,5,type-mix shift eps,0.5,f1,0.856988795624219,1.004540510083193,0.14755171445897397,0.14755171445897408,-1.1102230246251565e-16,1.0,0.22669461528855137,0.669374345799824,0.15174355980511686,0.10504365844243631,1.8170537238469566,0.1908699707393367,1.0284093299865276,1.2935801623125645,-0.14688478262240934,0.01386406195859039,1.830917785805547,36,36
S-A,5,type-mix shift eps,1.0,f1,0.856988795624219,1.0844605457085115,0.22747175008429243,0.2274717500842927,-2.7755575615628914e-16,0.9999999999999999,0.34948167876903957,0.669374345799824,0.2339340700950501,0.16193959459414747,1.8170537238469566,0.2942529433955621,1.0284093299865278,1.2935801623125645,-0.2097556715958515,0.01386406195859039,1.830917785805547,36,36
S-A,5,type-mix shift eps,2.0,f1,0.856988795624219,1.1689445297758496,0.3119557341516306,0.3119557341516306,0.0,1.0000000000000002,0.47928067389704526,0.669374345799824,0.32081818754433344,0.22208465491259718,1.8170537238469566,0.403539749218201,1.0284093299865267,1.293580162312563,-0.26686957867149563,0.01386406195859039,1.830917785805547,36,36
S-A,5,reporting-delay scale,0.5,f1,0.856988795624219,0.8330687199478417,-0.023920075676377328,-0.023920075676377085,-2.42861286636753e-16,1.0000000000000002,0.43233725583774496,0.669374345799824,0.28939546779128167,0.1767577283534256,1.8170537238469566,0.32117828852332075,12.09843445759158,13.427143495223376,0.02871320829075774,0.01386406195859039,1.830917785805547,36,36
S-A,5,reporting-delay scale,1.5,f1,0.856988795624219,0.8773168323547004,0.020328036730481336,0.020328036730481645,-3.0878077872387166e-16,1.0,0.4628135913688458,0.669374345799824,0.3097955449497882,0.12547652178501584,1.8170537238469566,0.2279975811648268,15.23981627233378,11.215917414343838,-0.023170690428817253,0.01386406195859039,1.830917785805547,36,36
S-A,5,reporting-delay scale,2.0,f1,0.856988795624219,0.8932824487774618,0.03629365315324273,0.03629365315324283,-9.71445146547012e-17,1.0000000000000002,1.5606305325464045,0.669374345799824,1.0446460417584804,0.2148779360003767,1.8170537238469566,0.39044475378203247,28.783160442617067,10.757934786378685,-0.04062953795063795,0.01386406195859039,1.830917785805547,36,36
S-A,5,generator lower triangle,,f2,4.745485969503238,5.3665129085443155,0.6210269390410774,0.6210269390410791,-1.6653345369377348e-15,0.9999999999999999,0.3318645316505331,24.114862998391377,8.002867714777924,0.1211344951750869,645.9934977061349,78.25209623102131,12.886506545328109,126.00435071600876,-0.11572262093179853,2.2385469629047114,648.2320446690396,36,32
S-B,5,generator lower triangle,,f2,4.6260924319167,4.824474084912557,0.19838165299585775,0.19838165299585633,1.4155343563970746e-15,1.0000000000000002,0.3676452963013408,22.97118706994073,8.445248876721887,0.13832453588913488,645.9934977061349,89.35675075760003,42.57071533171581,450.4285018709155,-0.04111985047577538,2.2385469629047114,648.2320446690396,36,32
S-A,5,type-mix shift eps,0.25,f2,4.745485969503238,4.4742633534358225,-0.2712226160674156,-0.271222616067415,-6.106226635438361e-16,0.9999999999999999,0.016132146120469915,24.114862998391377,0.38902449356516294,0.0012116225517493212,645.9934977061349,0.7827002901041765,1.4343364841981552,2.8858223604392457,0.06061838444514933,2.2385469629047114,648.2320446690396,36,36
S-A,5,type-mix shift eps,0.5,f2,4.745485969503238,4.326044953957964,-0.41944101554527435,-0.41944101554527424,-1.1102230246251565e-16,1.0000000000000002,0.024948080841506196,24.114862998391377,0.6016195515657146,0.001873753011205297,645.9934977061349,1.2104322615459124,1.4343364841981598,2.8858223604392803,0.09695715601880694,2.2385469629047114,648.2320446690396,36,36
S-A,5,type-mix shift eps,1.0,f2,4.745485969503238,4.168346718197377,-0.5771392513058613,-0.5771392513058617,4.440892098500626e-16,1.0000000000000002,0.03432787010508947,24.114862998391377,0.8278118846108076,0.002578232385341026,645.9934977061349,1.665521356505681,1.4343364841981603,2.885822360439352,0.13845759249975442,2.2385469629047114,648.2320446690396,36,36
S-A,5,type-mix shift eps,2.0,f2,4.745485969503238,4.034735433925657,-0.7107505355775814,-0.7107505355775817,3.3306690738754696e-16,1.0,0.042274983043043286,24.114862998391377,1.0194554243423075,0.0031751090305820336,645.9934977061349,2.051099788264023,1.4343364841981603,2.885822360439343,0.17615790358924377,2.2385469629047114,648.2320446690396,36,36
S-A,5,reporting-delay scale,0.5,f2,4.745485969503238,5.7338864575226545,0.9884004880194164,0.9884004880194176,-1.2212453270876722e-15,0.9999999999999998,0.6156671341457655,24.114862998391377,14.84672859253738,0.27613485779135344,645.9934977061349,178.38132262322256,15.020964449630792,180.47474155002482,-0.17237880368605318,2.2385469629047114,648.2320446690396,36,36
S-A,5,reporting-delay scale,1.5,f2,4.745485969503238,4.620443795441736,-0.12504217406150175,-0.1250421740615015,-2.498001805406602e-16,1.0,0.3574995634987726,24.114862998391377,8.62105299575762,0.11870847879129225,645.9934977061349,76.68490542176141,68.94516238591126,613.272329894425,0.027062805998173012,2.2385469629047114,648.2320446690396,36,36
S-A,5,reporting-delay scale,2.0,f2,4.745485969503238,4.7310306876088815,-0.01445528189435663,-0.014455281894355463,-1.1674688993323912e-15,0.9999999999999999,1.447232640864259,24.114862998391377,34.89981686124176,0.19030694063371384,645.9934977061349,122.93704621772658,2414.32973194848,8504.645368813002,0.003055419177942831,2.2385469629047114,648.2320446690396,36,36
S-A,7,generator lower triangle,,f1,0.7353695048354466,0.6911518810662028,-0.044217623769243763,-0.0442176237692439,1.3877787807814457e-16,1.0,0.15773361971739436,0.6043156796461431,0.09532089960256344,0.0592586586020439,1.8296559066622546,0.10842295473211165,2.155721892700741,2.4520303329263675,0.06397671044609132,0.0012618791432923223,1.830917785805547,48,48
S-B,7,generator lower triangle,,f1,0.6968588835771762,0.8204937973866131,0.12363491380943692,0.12363491380943682,9.71445146547012e-17,1.0,0.3508535906120034,0.6028290802155114,0.2115047473189436,0.1536198289043738,1.8296559066622546,0.2810714273353325,1.7107202229698943,2.27339849784308,-0.15068354471810919,0.0012618791432923223,1.830917785805547,48,48
S-A,7,type-mix shift eps,0.25,f1,0.7353695048354466,0.8075101814224364,0.07214067658698975,0.07214067658698958,1.6653345369377348e-16,1.0,0.1265667963431092,0.6043156796461431,0.076486299552721,0.06211501531964208,1.8296559066622546,0.11364910467199957,1.0602381786715176,1.5753817409094786,-0.0893371727646991,0.0012618791432923223,1.830917785805547,48,48
S-A,7,type-mix shift eps,0.5,f1,0.7353695048354466,0.8552677502381975,0.11989824540275085,0.11989824540275075,9.71445146547012e-17,1.0,0.21035478908334615,0.6043156796461431,0.1271206973317234,0.10323553510077846,1.8296559066622546,0.1888855065745778,1.0602381786715191,1.575381740909481,-0.14018796496109953,0.0012618791432923223,1.830917785805547,48,48
S-A,7,type-mix shift eps,1.0,f1,0.7353695048354466,0.914590421264651,0.17922091642920435,0.17922091642920426,8.326672684688674e-17,1.0,0.3144331090763764,0.6043156796461431,0.19001685801474025,0.15431391132264494,1.8296559066622546,0.2823413593316327,1.0602381786715196,1.5753817409094817,-0.19595756992664148,0.0012618791432923223,1.830917785805547,48,48
S-A,7,type-mix shift eps,2.0,f1,0.7353695048354466,0.9735012565282124,0.2381317516927658,0.23813175169276585,-5.551115123125783e-17,0.9999999999999999,0.4177888861768972,0.6043156796461431,0.25247637469859674,0.20503768614719345,1.8296559066622546,0.37514841354757406,1.0602381786715203,1.5753817409094828,-0.24461370757960044,0.0012618791432923223,1.830917785805547,48,48
S-A,7,reporting-delay scale,0.5,f1,0.7353695048354466,0.6937266546734735,-0.04164285016197311,-0.04164285016197315,4.163336342344337e-17,0.9999999999999998,0.4577114488730467,0.6043156796461431,0.2766022053075361,0.195805113023627,1.8296559066622546,0.3582559815983495,6.642249611437984,8.603061034604618,0.060027749952282994,0.0012618791432923223,1.830917785805547,48,48
S-A,7,reporting-delay scale,1.5,f1,0.7353695048354466,0.7730667025461213,0.0376971977106747,0.03769719771067456,1.3877787807814457e-16,1.0,0.549122159456371,0.6043156796461431,0.3318431310006346,0.1411565080340766,1.8296559066622546,0.2582678386883662,8.802859394152438,6.851115052916324,-0.04876318898035281,0.0012618791432923223,1.830917785805547,48,48
S-A,7,reporting-delay scale,2.0,f1,0.7353695048354466,0.8088443210717683,0.07347481623632168,0.07347481623632166,2.7755575615628914e-17,1.0000000000000002,1.7473668693260602,0.6043156796461431,1.0559611972279315,0.2489985916839742,1.8296559066622546,0.4555817440251664,14.37174328999445,6.200515596525619,-0.09083925586442032,0.0012618791432923223,1.830917785805547,48,48
S-A,7,generator lower triangle,,f2,11.876473216129071,16.32507795948805,4.4486047433589775,4.44860474335898,-2.6645352591003757e-15,0.9999999999999999,0.38480565863103033,37.12818509785063,14.287135720353218,0.16010768724609778,795.6775879139957,127.3940983944635,3.2115992641696303,28.636866106084515,-0.27250128632760817,2.2385469629047114,797.9161348769004,48,48
S-B,7,generator lower triangle,,f2,12.036388740628862,16.726062759035685,4.689674018406823,4.689674018406821,1.7763568394002505e-15,0.9999999999999999,0.4706639222630249,38.621016657845466,18.177519181967167,0.19406181643792142,795.6775879139957,154.41063800953393,3.8760730725890493,32.925665494760835,-0.2803812281448834,2.2385469629047114,797.9161348769004,48,48
S-A,7,type-mix shift eps,0.25,f2,11.876473216129071,11.562137398580344,-0.3143358175487272,-0.31433581754872836,1.1657341758564144e-15,1.0,0.010743274507520618,37.12818509785063,0.3988782844722456,0.0005405548071621292,795.6775879139957,0.430107345098078,1.2689558815880502,1.3683052362666381,0.027186653013423268,2.2385469629047114,797.9161348769004,48,48
S-A,7,type-mix shift eps,0.5,f2,11.876473216129071,11.390537855486366,-0.4859353606427046,-0.48593536064270393,-6.661338147750939e-16,1.0000000000000002,0.016608151794493792,37.12818509785063,0.6166305339591657,0.000835649902113745,795.6775879139957,0.6649078984544312,1.2689558815880406,1.368305236266435,0.0426613182632678,2.2385469629047114,797.9161348769004,48,48
S-A,7,type-mix shift eps,1.0,f2,11.876473216129071,11.208102114345433,-0.668371101783638,-0.6683711017836389,8.881784197001252e-16,1.0,0.022843385381121947,37.12818509785063,0.8481334406918308,0.001149379713883056,795.6775879139957,0.9145356783397486,1.2689558815880473,1.3683052362664803,0.059632852642213185,2.2385469629047114,797.9161348769004,48,48
S-A,7,type-mix shift eps,2.0,f2,11.876473216129071,11.053643824077158,-0.8228293920519132,-0.8228293920519113,-1.887379141862766e-15,0.9999999999999999,0.028122414113051653,37.12818509785063,1.0441341965877886,0.0014149974597754656,795.6775879139957,1.1258817656985736,1.2689558815880426,1.3683052362664514,0.07443965131747943,2.2385469629047114,797.9161348769004,48,48
S-A,7,reporting-delay scale,0.5,f2,11.876473216129071,26.130582565846588,14.254109349717517,14.25410934971752,-3.552713678800501e-15,0.9999999999999999,1.0939175436363668,37.12818509785063,40.615173041917124,0.43857024290912267,795.6775879139957,348.9605130087859,2.8493658948057687,24.481397220072644,-0.5454952760352172,2.2385469629047114,797.9161348769004,48,48
S-A,7,reporting-delay scale,1.5,f2,11.876473216129071,7.895875432307746,-3.9805977838213247,-3.9805977838213233,-1.3322676295501878e-15,1.0,0.5426963773184582,37.12818509785063,20.149331549012704,0.18772802062173216,795.6775879139957,149.3709786321687,5.06188583807872,37.52476053704034,0.5041363453549199,2.2385469629047114,797.9161348769004,48,48
S-A,7,reporting-delay scale,2.0,f2,11.876473216129071,6.40070281551939,-5.475770400609681,-5.47577040060968,-8.881784197001252e-16,1.0000000000000002,1.0311732801428146,37.12818509785063,38.285592413100204,0.28519353390576196,795.6775879139957,226.92210314680503,6.9918184314005245,41.44112819659845,0.8554951789564293,2.2385469629047114,797.9161348769004,48,48
