scenario,dy,weighting,predictor,n,reps,n_folds,w_realised,w_nominal,alpha_w,alpha_w_nominal,alpha_P,alpha_equal_weight,V_w,mean_alpha_hat,sd_alpha_hat,coverage_alpha_w,coverage_alpha_w_Vw,coverage_alpha_P,coverage_alpha_equal,mean_se_plugin,se_Vw,se_over_sd,sd_sqrtn_over_sqrtVw
S-A,1,data,f1,600,2000,218;193;189,0.363333;0.321667;0.315000,0.363530;0.320995;0.315475,1.512701144369873,1.512701144369873,1.512701144369873,1.512701144369873,19.50547343198326,1.5099052900098768,0.17432515298160692,0.9165,0.9595,0.9165,0.9165,0.16502595949434795,0.1803028629463181,0.9466560428704163,0.9668462837082574
S-A,1,data,f2,600,2000,218;193;189,0.363333;0.321667;0.315000,0.363530;0.320995;0.315475,5.257967089599015,5.257967089599014,5.257967089599014,5.257967089599016,273.4123190804947,5.264805302965748,0.660844749777449,0.9275,0.9605,0.9275,0.9275,0.6301196111299334,0.6750460713666077,0.9535062680639246,0.9789624409480546
S-A,1,data,f1,3000,2000,1091;963;946,0.363667;0.321000;0.315333,0.363530;0.320995;0.315475,1.512701144369873,1.512701144369873,1.512701144369873,1.512701144369873,19.505473431983262,1.509742678134276,0.08422641560270544,0.925,0.942,0.925,0.925,0.07820428702216295,0.08063389161715906,0.9285007139690146,1.0445535235060128
S-A,1,data,f2,3000,2000,1091;963;946,0.363667;0.321000;0.315333,0.363530;0.320995;0.315475,5.257967089599015,5.257967089599014,5.257967089599014,5.257967089599016,273.4123190804947,5.251340369196707,0.313861886461154,0.9325,0.942,0.9325,0.9325,0.29530265740464506,0.3018897807039818,0.9408681657216574,1.0396572077705122
S-A,1,data,f1,15000,2000,5453;4815;4732,0.363533;0.321000;0.315467,0.363530;0.320995;0.315475,1.512701144369873,1.512701144369873,1.512701144369873,1.512701144369873,19.505473431983262,1.5120984431719775,0.035157584729406964,0.9525,0.951,0.9525,0.9525,0.035453081137374935,0.036060572589263616,1.008404912062142,0.9749591369459978
S-A,1,data,f2,15000,2000,5453;4815;4732,0.363533;0.321000;0.315467,0.363530;0.320995;0.315475,5.257967089599015,5.257967089599014,5.257967089599014,5.257967089599016,273.4123190804947,5.25424244589916,0.13085363134411454,0.9525,0.958,0.9525,0.9525,0.1331169077800817,0.13500921427332152,1.0172962447638558,0.969220005082067
S-A,1,proportional,f1,600,2000,180;180;240,0.300000;0.300000;0.400000,0.300000;0.300000;0.400000,1.512701144369873,1.512701144369873,1.512701144369873,1.512701144369873,19.50547343198326,1.5146490141224769,0.19681684214461653,0.9095,0.9515,0.9095,0.9095,0.16658134848647918,0.1803028629463181,0.8463775085065078,1.0915902217438176
S-A,1,proportional,f2,600,2000,180;180;240,0.300000;0.300000;0.400000,0.300000;0.300000;0.400000,5.257967089599015,5.257967089599016,5.257967089599014,5.257967089599016,273.4123190804947,5.2701311607300685,0.7139334224336242,0.914,0.9535,0.914,0.914,0.6339057535048389,0.6750460713666077,0.8879059777647185,1.0576069585714207
S-A,1,proportional,f1,3000,2000,900;900;1200,0.300000;0.300000;0.400000,0.300000;0.300000;0.400000,1.512701144369873,1.512701144369873,1.512701144369873,1.512701144369873,19.50547343198326,1.5131547367991207,0.08109714747512177,0.928,0.953,0.928,0.928,0.07819486429626434,0.08063389161715905,0.9642122655454957,1.0057451754922384
S-A,1,proportional,f2,3000,2000,900;900;1200,0.300000;0.300000;0.400000,0.300000;0.300000;0.400000,5.257967089599015,5.257967089599016,5.257967089599014,5.257967089599016,273.4123190804947,5.259905377397991,0.2987829265842939,0.941,0.953,0.941,0.941,0.29480551611007,0.3018897807039818,0.9866879593165048,0.9897086475983288
S-A,1,proportional,f1,15000,2000,4500;4500;6000,0.300000;0.300000;0.400000,0.300000;0.300000;0.400000,1.512701144369873,1.512701144369873,1.512701144369873,1.512701144369873,19.50547343198326,1.513891045555756,0.03725998605657862,0.9355,0.9435,0.9355,0.9355,0.03593373096217607,0.036060572589263616,0.9644053786711393,1.0332610766050927
S-A,1,proportional,f2,15000,2000,4500;4500;6000,0.300000;0.300000;0.400000,0.300000;0.300000;0.400000,5.257967089599015,5.257967089599016,5.257967089599014,5.257967089599016,273.4123190804947,5.26269368853959,0.13831756934429607,0.9455,0.9495,0.9455,0.9455,0.13472261162121654,0.13500921427332152,0.974009392009116,1.0245046613209443
S-A,2,data,f1,600,2000,218;193;189,0.363333;0.321667;0.315000,0.363530;0.320995;0.315475,1.2095196888629767,1.209519688862977,1.209519688862977,1.2095196888629767,25.19462227637761,1.200857728984993,0.20098558412550865,0.896,0.957,0.896,0.896,0.18217865999879754,0.20491714698213034,0.906426502136756,0.9808138903233679
S-A,2,data,f2,600,2000,218;193;189,0.363333;0.321667;0.315000,0.363530;0.320995;0.315475,7.182296151610543,7.182296151610544,7.182296151610543,7.182296151610543,1503.0419124897576,7.3588270271106495,1.6619447321521712,0.924,0.941,0.924,0.924,1.560430798174444,1.5827412467455304,0.9389185861516168,1.0500419671058052
S-A,2,data,f1,3000,2000,1091;963;946,0.363667;0.321000;0.315333,0.363530;0.320995;0.315475,1.2095196888629767,1.209519688862977,1.209519688862977,1.2095196888629767,25.19462227637761,1.2087428835667693,0.09088986809559413,0.9375,0.956,0.9375,0.9375,0.08845283846560903,0.09164173408147187,0.9731870044368209,0.9917955940771558
S-A,2,data,f2,3000,2000,1091;963;946,0.363667;0.321000;0.315333,0.363530;0.320995;0.315475,7.182296151610543,7.182296151610544,7.182296151610543,7.182296151610543,1503.0419124897574,7.2220378458795365,0.7054169453396573,0.948,0.9565,0.948,0.948,0.7023809322436,0.7078234037031548,0.9956961437967791,0.9966001994976326
S-A,2,data,f1,15000,2000,5453;4815;4732,0.363533;0.321000;0.315467,0.363530;0.320995;0.315475,1.2095196888629767,1.209519688862977,1.209519688862977,1.2095196888629767,25.19462227637761,1.2095610596706228,0.0408995547748929,0.9365,0.9525,0.9365,0.9365,0.04043700429268155,0.040983429396426074,0.9886905741454356,0.9979534503879149
S-A,2,data,f2,15000,2000,5453;4815;4732,0.363533;0.321000;0.315467,0.363530;0.320995;0.315475,7.182296151610543,7.182296151610544,7.182296151610543,7.182296151610543,1503.0419124897574,7.185825131409883,0.3164223577487107,0.9485,0.9565,0.9485,0.9485,0.3150765082585402,0.3165482493491061,0.9957466675245519,0.9996022988575858
S-A,2,proportional,f1,600,2000,200;200;200,0.333333;0.333333;0.333333,0.333333;0.333333;0.333333,1.2095196888629767,1.2095196888629767,1.209519688862977,1.2095196888629767,25.19462227637761,1.2049970567718675,0.19910643134665523,0.889,0.9595,0.889,0.889,0.1838113170892201,0.20491714698213034,0.923181214418908,0.9716435851218355
S-A,2,proportional,f2,600,2000,200;200;200,0.333333;0.333333;0.333333,0.333333;0.333333;0.333333,7.182296151610543,7.182296151610543,7.182296151610543,7.182296151610543,1503.0419124897574,7.386404851211286,1.6883820549363995,0.9265,0.941,0.9265,0.9265,1.572041090563609,1.5827412467455304,0.931093223815878,1.0667454698663412
S-A,2,proportional,f1,3000,2000,1000;1000;1000,0.333333;0.333333;0.333333,0.333333;0.333333;0.333333,1.2095196888629767,1.2095196888629767,1.209519688862977,1.2095196888629767,25.19462227637761,1.2082034286441252,0.09201416165723152,0.9225,0.9485,0.9225,0.9225,0.08853442723161979,0.09164173408147187,0.9621826209907304,1.0040639516426932
S-A,2,proportional,f2,3000,2000,1000;1000;1000,0.333333;0.333333;0.333333,0.333333;0.333333;0.333333,7.182296151610543,7.182296151610543,7.182296151610543,7.182296151610543,1503.0419124897574,7.209218369064067,0.7126043162784466,0.938,0.9485,0.938,0.938,0.7026008383599215,0.7078234037031548,0.9859620862658145,1.0067543861226957
S-A,2,proportional,f1,15000,2000,5000;5000;5000,0.333333;0.333333;0.333333,0.333333;0.333333;0.333333,1.2095196888629767,1.2095196888629767,1.209519688862977,1.2095196888629767,25.19462227637761,1.208055360917474,0.04046009551067311,0.9505,0.9515,0.9505,0.9505,0.04037938719582461,0.040983429396426074,0.9980052366701109,0.9872305979889864
S-A,2,proportional,f2,15000,2000,5000;5000;5000,0.333333;0.333333;0.333333,0.333333;0.333333;0.333333,7.182296151610543,7.182296151610543,7.182296151610543,7.182296151610543,1503.0419124897574,7.189019007209898,0.31465219907150765,0.956,0.9525,0.956,0.956,0.3150992828060865,0.3165482493491061,1.0014208822817643,0.9940102329376419
S-A,3,data,f1,600,2000,218;193;189,0.363333;0.321667;0.315000,0.363530;0.320995;0.315475,1.0076499055018873,1.0076499055018873,1.007649905501887,1.0076499055018873,30.827424558220688,1.0088454159891351,0.23013589508855875,0.883,0.962,0.883,0.883,0.19991837511164498,0.2266694530155482,0.8686970584693633,1.0152929388009455
S-A,3,data,f2,600,2000,218;193;189,0.363333;0.321667;0.315000,0.363530;0.320995;0.315475,5.0803958425833,5.080395842583301,5.080395842583299,5.0803958425833,1045.8676825304763,5.258101133555861,1.4553043256816596,0.899,0.9365,0.899,0.899,1.2995393671062907,1.3202699739892068,0.8929674324286715,1.1022778328317544
S-A,3,data,f1,3000,2000,1091;963;946,0.363667;0.321000;0.315333,0.363530;0.320995;0.315475,1.0076499055018873,1.0076499055018873,1.007649905501887,1.0076499055018873,30.82742455822068,1.00770973046181,0.10183947582577707,0.9155,0.954,0.9155,0.9155,0.097292176323712,0.10136966107309209,0.95534836108304,1.0046346682795577
S-A,3,data,f2,3000,2000,1091;963;946,0.363667;0.321000;0.315333,0.363530;0.320995;0.315475,5.0803958425833,5.080395842583301,5.080395842583299,5.0803958425833,1045.8676825304765,5.123024758144598,0.6013896615842192,0.9355,0.9415,0.9355,0.9355,0.5840275399370501,0.590442682098349,0.9711299964794329,1.018540291577442
S-A,3,data,f1,15000,2000,5453;4815;4732,0.363533;0.321000;0.315467,0.363530;0.320995;0.315475,1.0076499055018873,1.0076499055018873,1.007649905501887,1.0076499055018873,30.827424558220685,1.0068809322174652,0.0447132643607764,0.9505,0.9565,0.9505,0.9505,0.044486662281312955,0.04533389060310963,0.9949321061053591,0.9863098835313582
S-A,3,data,f2,15000,2000,5453;4815;4732,0.363533;0.321000;0.315467,0.363530;0.320995;0.315475,5.0803958425833,5.080395842583301,5.080395842583299,5.0803958425833,1045.8676825304765,5.087988386704635,0.26283564106515594,0.9545,0.954,0.9545,0.9545,0.2616403977553092,0.26405399479784136,0.9954525067262454,0.9953859674282975
S-A,3,proportional,f1,600,2000,225;225;150,0.375000;0.375000;0.250000,0.375000;0.375000;0.250000,1.0076499055018873,1.0076499055018873,1.007649905501887,1.0076499055018873,30.827424558220685,1.0034052664114306,0.22255653839744693,0.8785,0.9615,0.8785,0.8785,0.19766910736826915,0.2266694530155482,0.8881747927588036,0.9818550115007375
S-A,3,proportional,f2,600,2000,225;225;150,0.375000;0.375000;0.250000,0.375000;0.375000;0.250000,5.0803958425833,5.0803958425833,5.080395842583299,5.0803958425833,1045.8676825304765,5.27126744288036,1.4535794137930231,0.9095,0.9385,0.9095,0.9095,1.2988212379638822,1.3202699739892068,0.8935330437672412,1.1009713486106336
S-A,3,proportional,f1,3000,2000,1125;1125;750,0.375000;0.375000;0.250000,0.375000;0.375000;0.250000,1.0076499055018873,1.0076499055018873,1.007649905501887,1.0076499055018873,30.827424558220685,1.011230579173599,0.1028571720740882,0.9245,0.9455,0.9245,0.9245,0.0971542821350277,0.10136966107309209,0.9445552524528605,1.014674124242396
S-A,3,proportional,f2,3000,2000,1125;1125;750,0.375000;0.375000;0.250000,0.375000;0.375000;0.250000,5.0803958425833,5.0803958425833,5.080395842583299,5.0803958425833,1045.8676825304765,5.125392352000137,0.5982080005918488,0.937,0.9415,0.937,0.937,0.5804653192326684,0.590442682098349,0.9703402807357536,1.0131516889427825
S-A,3,proportional,f1,15000,2000,5625;5625;3750,0.375000;0.375000;0.250000,0.375000;0.375000;0.250000,1.0076499055018873,1.0076499055018873,1.007649905501887,1.0076499055018873,30.827424558220685,1.0079695302249558,0.04532266840376669,0.943,0.9515,0.943,0.943,0.0446380049199194,0.04533389060310963,0.9848935751587303,0.9997524545280881
S-A,3,proportional,f2,15000,2000,5625;5625;3750,0.375000;0.375000;0.250000,0.375000;0.375000;0.250000,5.0803958425833,5.0803958425833,5.080395842583299,5.0803958425833,1045.8676825304765,5.082863148347896,0.2632824934195119,0.9485,0.948,0.9485,0.9485,0.2617763143276066,0.26405399479784136,0.9942792280932051,0.997078243868569
S-A,4,data,f1,600,2000,218;193;189,0.363333;0.321667;0.315000,0.363530;0.320995;0.315475,0.9196986540225316,0.9196986540225316,0.9196986540225316,0.9196986540225316,38.072998099251656,0.9240828828195656,0.2504583607717639,0.87,0.957,0.87,0.87,0.2180920133269373,0.2519027527282822,0.8707715432413885,0.9942660731537287
S-A,4,data,f2,600,2000,218;193;189,0.363333;0.321667;0.315000,0.363530;0.320995;0.315475,3.797344720135092,3.797344720135092,3.797344720135092,3.797344720135092,700.4556829606786,3.9113529749599096,1.1352025380498485,0.89,0.949,0.89,0.89,1.0026706486713246,1.0804749595746297,0.8832526488126085,1.05065140842946
S-A,4,data,f1,3000,2000,1091;963;946,0.363667;0.321000;0.315333,0.363530;0.320995;0.315475,0.9196986540225315,0.9196986540225316,0.9196986540225316,0.9196986540225316,38.072998099251635,0.9225311103747988,0.11023740618347376,0.925,0.96,0.925,0.925,0.10570418684092271,0.1126543357639519,0.958877666851067,0.978545614209271
S-A,4,data,f2,3000,2000,1091;963;946,0.363667;0.321000;0.315333,0.363530;0.320995;0.315475,3.797344720135092,3.797344720135092,3.797344720135092,3.797344720135092,700.4556829606786,3.8196647354052944,0.4791201754387852,0.925,0.957,0.925,0.925,0.46036666223979056,0.48320309151904184,0.9608584356068498,0.991550310517631
S-A,4,data,f1,15000,2000,5453;4815;4732,0.363533;0.321000;0.315467,0.363530;0.320995;0.315475,0.9196986540225316,0.9196986540225316,0.9196986540225316,0.9196986540225316,38.07299809925165,0.9182256360875855,0.04965724822178094,0.9465,0.9565,0.9465,0.9465,0.049084742030434926,0.05038055054565644,0.9884708433945218,0.9856432231080917
S-A,4,data,f2,15000,2000,5453;4815;4732,0.363533;0.321000;0.315467,0.363530;0.320995;0.315475,3.797344720135092,3.797344720135092,3.797344720135092,3.797344720135092,700.4556829606786,3.787734420072305,0.21877317988220368,0.9345,0.9525,0.9345,0.9345,0.21118668351189365,0.21609499191492593,0.9653225483379868,1.0123935679561336
S-A,4,proportional,f1,600,2000,257;257;86,0.428333;0.428333;0.143333,0.428571;0.428571;0.142857,0.9196986540225316,0.9196986540225316,0.9196986540225316,0.9196986540225316,38.07299809925165,0.9127787993944706,0.24473082427313,0.8715,0.959,0.8715,0.8715,0.21404476147751206,0.25190275272828216,0.8746130043620047,0.971528979427675
S-A,4,proportional,f2,600,2000,257;257;86,0.428333;0.428333;0.143333,0.428571;0.428571;0.142857,3.797344720135092,3.797344720135092,3.797344720135092,3.797344720135092,700.4556829606786,3.864779645868418,1.1173216443694147,0.899,0.9555,0.899,0.899,0.9850230891119279,1.0804749595746297,0.8815931330748072,1.034102303314175
S-A,4,proportional,f1,3000,2000,1286;1286;428,0.428667;0.428667;0.142667,0.428571;0.428571;0.142857,0.9196986540225316,0.9196986540225316,0.9196986540225316,0.9196986540225316,38.07299809925164,0.915699764894431,0.108551966346991,0.9265,0.96,0.9265,0.9265,0.1052889453065807,0.11265433576395191,0.969940470447307,0.9635844515957495
S-A,4,proportional,f2,3000,2000,1286;1286;428,0.428667;0.428667;0.142667,0.428571;0.428571;0.142857,3.797344720135092,3.797344720135092,3.797344720135092,3.797344720135092,700.4556829606785,3.816365224328273,0.4785644241045847,0.9295,0.9535,0.9295,0.9295,0.4620734710537516,0.48320309151904184,0.9655407877806872,0.9904001702475153
S-A,4,proportional,f1,15000,2000,6429;6429;2142,0.428600;0.428600;0.142800,0.428571;0.428571;0.142857,0.9196986540225316,0.9196986540225316,0.9196986540225316,0.9196986540225316,38.07299809925165,0.9192219887488947,0.05120157305524388,0.931,0.952,0.931,0.931,0.0494069195604739,0.05038055054565644,0.9649492508202113,1.0162964179766834
S-A,4,proportional,f2,15000,2000,6429;6429;2142,0.428600;0.428600;0.142800,0.428571;0.428571;0.142857,3.797344720135092,3.797344720135092,3.797344720135092,3.797344720135092,700.4556829606786,3.7974129937191554,0.2204937435787113,0.9425,0.95,0.9425,0.9425,0.21271326001622554,0.21609499191492593,0.9647133590450003,1.0203556390863382
S-B,1,data,f1,600,2000,218;193;189,0.363333;0.321667;0.315000,0.363530;0.320995;0.315475,1.5193450871625052,1.5193413368102322,1.517898842339595,1.5188354669159776,19.95817608720795,1.5187513019746761,0.18638034464055026,0.897,0.953,0.8985,0.897,0.16700376704020267,0.1823831867580267,0.8960374408700826,1.0219162629712502
S-B,1,data,f2,600,2000,218;193;189,0.363333;0.321667;0.315000,0.363530;0.320995;0.315475,5.12977519734779,5.129822545767042,5.148116652994177,5.136219351780203,263.45502010638364,5.1303662912687304,0.6811648260988882,0.9125,0.9515,0.9095,0.9115,0.6179596113136936,0.6626399476165816,0.9072101019261691,1.0279561752184394
S-B,1,data,f1,3000,2000,1091;963;946,0.363667;0.321000;0.315333,0.363530;0.320995;0.315475,1.5193443828740862,1.5193413368102322,1.517898842339595,1.5188354669159776,19.958153362761735,1.519428354417154,0.08170548528280887,0.935,0.952,0.9365,0.935,0.07878263801553066,0.08156419427412524,0.9642270374239711,1.0017322675708507
S-B,1,data,f2,3000,2000,1091;963;946,0.363667;0.321000;0.315333,0.363530;0.320995;0.315475,5.129784088946247,5.129822545767042,5.148116652994177,5.136219351780203,263.4561164935768,5.135021654353772,0.2984107425085295,0.9375,0.949,0.931,0.936,0.28854163895219437,0.29634221011840167,0.966927787272762,1.0069802151684748
S-B,1,data,f1,15000,2000,5453;4815;4732,0.363533;0.321000;0.315467,0.363530;0.320995;0.315475,1.5193414762561575,1.5193413368102322,1.517898842339595,1.5188354669159776,19.958059834871083,1.5194023671548158,0.0359614971344072,0.948,0.9525,0.948,0.947,0.0359654264728978,0.036476531116935156,1.0001092651531138,0.98588040126741
S-B,1,data,f2,15000,2000,5453;4815;4732,0.363533;0.321000;0.315467,0.363530;0.320995;0.315475,5.12982078523416,5.129822545767042,5.148116652994177,5.136219351780203,263.46069213683404,5.130444540133026,0.13057966217378644,0.9475,0.9555,0.941,0.9445,0.1310187937724461,0.13252941614017472,1.0033629402262905,0.9852881418844701
S-B,1,proportional,f1,600,2000,184;181;235,0.306667;0.301667;0.391667,0.306518;0.300931;0.392551,1.5179102429236833,1.517898842339595,1.517898842339595,1.5188354669159776,19.898836476225352,1.5120129215701672,0.1815321752404423,0.9015,0.96,0.9015,0.9005,0.1633007694549717,0.18211185425549756,0.8995692870350791,0.9968169067443461
S-B,1,proportional,f2,600,2000,184;181;235,0.306667;0.301667;0.391667,0.306518;0.300931;0.392551,5.147971419357339,5.148116652994176,5.148116652994177,5.136219351780203,265.5558462612771,5.141294520735207,0.6609713178231353,0.9135,0.9575,0.9135,0.9155,0.611552367365058,0.6652766921380371,0.9252328366973088,0.9935284455839491
S-B,1,proportional,f1,3000,2000,920;903;1177,0.306667;0.301000;0.392333,0.306518;0.300931;0.392551,1.5179026961682185,1.517898842339595,1.517898842339595,1.5188354669159776,19.89845447868096,1.519389928144461,0.08302708746941266,0.9325,0.9485,0.9325,0.9305,0.07900582125682871,0.08144211539222394,0.9515668159013119,1.0194613323776711
S-B,1,proportional,f2,3000,2000,920;903;1177,0.306667;0.301000;0.392333,0.306518;0.300931;0.392551,5.148067557370855,5.148116652994176,5.148116652994177,5.136219351780203,265.5660411288318,5.158997647074275,0.3043974626690178,0.937,0.9415,0.937,0.9405,0.29083845813294096,0.29752649245001794,0.9554562498084288,1.023093641720507
S-B,1,proportional,f1,15000,2000,4598;4514;5888,0.306533;0.300933;0.392533,0.306518;0.300931;0.392551,1.517899190248672,1.517898842339595,1.517898842339595,1.5188354669159776,19.898276795004605,1.5176033281804016,0.03696100332723677,0.9435,0.9475,0.9435,0.9425,0.03603817080043887,0.03642185863370567,0.9750322652600217,1.0148027781600406
S-B,1,proportional,f2,15000,2000,4598;4514;5888,0.306533;0.300933;0.392533,0.306518;0.300931;0.392551,5.148112220778241,5.148116652994176,5.148116652994177,5.136219351780203,265.57077837431467,5.146613879074219,0.13317031245548175,0.9525,0.9545,0.9525,0.953,0.13196587973667914,0.13305907920276483,0.9909556965317984,1.0008359689048159
S-B,2,data,f1,600,2000,218;193;189,0.363333;0.321667;0.315000,0.363530;0.320995;0.315475,1.244997109307236,1.2450211317191942,1.2487190028238846,1.2490460090905622,25.752753729510047,1.2370497712382997,0.20494085466509152,0.8955,0.9595,0.892,0.892,0.18558084523991566,0.20717445840607399,0.9055336747921081,0.9892187301554111
S-B,2,data,f2,600,2000,218;193;189,0.363333;0.321667;0.315000,0.363530;0.320995;0.315475,6.219800874794281,6.219441755460948,6.164813039042878,6.160043724352415,977.8585130085411,6.35128752019582,1.3861686612881703,0.9255,0.9455,0.93,0.9305,1.253976685592033,1.2766221791695336,0.9046349990532241,1.0858096341314538
S-B,2,data,f1,3000,2000,1091;963;946,0.363667;0.321000;0.315333,0.363530;0.320995;0.315475,1.2449974439812008,1.2450211317191942,1.2487190028238846,1.2490460090905622,25.75274090041477,1.2431409256604207,0.09238992672377037,0.935,0.9555,0.931,0.931,0.08917279369907118,0.09265121136177834,0.9651787468744525,0.9971799112589287
S-B,2,data,f2,3000,2000,1091;963;946,0.363667;0.321000;0.315333,0.363530;0.320995;0.315475,6.219795871257527,6.219441755460948,6.164813039042878,6.160043724352415,977.8544409727538,6.247215389838128,0.5809457135839603,0.939,0.9495,0.9465,0.9465,0.5645940709365554,0.5709216061109014,0.9718534068415299,1.0175577651393206
S-B,2,data,f1,15000,2000,5453;4815;4732,0.363533;0.321000;0.315467,0.363530;0.320995;0.315475,1.2450200849700894,1.2450211317191942,1.2487190028238846,1.2490460090905622,25.752198066035426,1.2450201123286302,0.04167084287049795,0.9385,0.955,0.9335,0.933,0.04087133304624433,0.04143444466144516,0.9808136872407816,1.005705354831816
S-B,2,data,f2,15000,2000,5453;4815;4732,0.363533;0.321000;0.315467,0.363530;0.320995;0.315475,6.219457402521958,6.219441755460948,6.164813039042878,6.160043724352415,977.6516660636554,6.231613025916342,0.25757014681022494,0.9445,0.9415,0.9445,0.944,0.25425534641613184,0.25529742994706595,0.9871304946045032,1.0089022316583065
S-B,2,proportional,f1,600,2000,201;200;199,0.335000;0.333333;0.331667,0.335304;0.333333;0.331363,1.2487695038472366,1.248719002823885,1.2487190028238846,1.2490460090905622,25.660152517246726,1.2492189205174826,0.20540870028604002,0.906,0.9535,0.906,0.906,0.18531261306860533,0.20680164617835584,0.9021653552675711,0.9932643384709111
S-B,2,proportional,f2,600,2000,201;200;199,0.335000;0.333333;0.331667,0.335304;0.333333;0.331363,6.164075847382846,6.16481303904288,6.164813039042878,6.160043724352415,944.7783315049656,6.281229778838759,1.3071076731441378,0.9295,0.9445,0.9295,0.93,1.2187731588196022,1.2548428397645164,0.9324198639947892,1.0416505013404143
S-B,2,proportional,f1,3000,2000,1006;1000;994,0.335333;0.333333;0.331333,0.335304;0.333333;0.331363,1.2487141477130888,1.248719002823885,1.2487190028238846,1.2490460090905622,25.661545095597873,1.251570961664931,0.09179433722669132,0.936,0.951,0.936,0.9355,0.09012707264415647,0.09248701727917973,0.9818369560377407,0.9925105158230209
S-B,2,proportional,f2,3000,2000,1006;1000;994,0.335333;0.333333;0.331333,0.335304;0.333333;0.331363,6.164883924241686,6.16481303904288,6.164813039042878,6.160043724352415,945.2541824305605,6.196877195105828,0.5755320685553803,0.951,0.9445,0.951,0.952,0.5578250089223361,0.5613240841767378,0.9692335829739428,1.025311553127959
S-B,2,proportional,f1,15000,2000,5030;5000;4970,0.335333;0.333333;0.331333,0.335304;0.333333;0.331363,1.2487141477130888,1.248719002823885,1.2487190028238846,1.2490460090905622,25.661545095597873,1.2481917070881159,0.04209225791574184,0.942,0.9455,0.942,0.9405,0.04085612403445025,0.041361451534488704,0.9706327495244845,1.0176687798454984
S-B,2,proportional,f2,15000,2000,5030;5000;4970,0.335333;0.333333;0.331333,0.335304;0.333333;0.331363,6.164883924241686,6.16481303904288,6.164813039042878,6.160043724352415,945.2541824305605,6.16619474318359,0.2501294050453986,0.9505,0.956,0.9505,0.9515,0.2498595861442329,0.2510317619254,0.9989212827611502,0.9964054075345672
S-B,3,data,f1,600,2000,218;193;189,0.363333;0.321667;0.315000,0.363530;0.320995;0.315475,1.0627525686368904,1.0627784570502385,1.053931675608464,1.0685036501146659,31.84362720122861,1.0584186511390217,0.22879670843606745,0.882,0.956,0.891,0.876,0.20459720994153485,0.2303751549148642,0.8942314395169952,0.9931483649815447
S-B,3,data,f2,600,2000,218;193;189,0.363333;0.321667;0.315000,0.363530;0.320995;0.315475,4.479403353647756,4.47925703617003,4.530248517922035,4.447303884812352,692.6488197018832,4.590397402956774,1.1446893700836946,0.914,0.9425,0.9065,0.9175,1.0362586390647985,1.0744369220680843,0.9052749734096263,1.0653853628562837
S-B,3,data,f1,3000,2000,1091;963;946,0.363667;0.321000;0.315333,0.363530;0.320995;0.315475,1.0627455684987877,1.0627784570502385,1.053931675608464,1.0685036501146659,31.84383148695061,1.061977902764861,0.10636844627712826,0.923,0.943,0.933,0.92,0.09860145583127286,0.10302723181591458,0.9269803149552492,1.0324304011893053
S-B,3,data,f2,3000,2000,1091;963;946,0.363667;0.321000;0.315333,0.363530;0.320995;0.315475,4.479442920257743,4.47925703617003,4.530248517922035,4.447303884812352,692.6782076791302,4.4946392466210225,0.4958503896721378,0.928,0.9425,0.9165,0.932,0.46892772811278177,0.48051299242897,0.9457040629187413,1.0319187982111326
S-B,3,data,f1,15000,2000,5453;4815;4732,0.363533;0.321000;0.315467,0.363530;0.320995;0.315475,1.0627770583724854,1.0627784570502385,1.053931675608464,1.0685036501146659,31.842870938525103,1.063456552491935,0.0462672929140749,0.94,0.9475,0.944,0.9345,0.04547441070636334,0.04607448385569111,0.9828630084499637,1.0041847253023537
S-B,3,data,f2,15000,2000,5453;4815;4732,0.363533;0.321000;0.315467,0.363530;0.320995;0.315475,4.479264940863103,4.47925703617003,4.530248517922035,4.447303884812352,692.5446929314998,4.486411118802873,0.21876650995089023,0.9405,0.9455,0.9245,0.9425,0.21338778634082362,0.21487123166080963,0.9754134048613106,1.018128430967574
S-B,3,proportional,f1,600,2000,225;225;150,0.375000;0.375000;0.250000,0.375686;0.374863;0.249452,1.054084977093879,1.053931675608464,1.053931675608464,1.0685036501146659,32.10059776343902,1.047288678879927,0.22799083328318606,0.8875,0.962,0.8875,0.8735,0.20151834294360768,0.23130282374497368,0.8838879179554686,0.98568114989621
S-B,3,proportional,f2,600,2000,225;225;150,0.375000;0.375000;0.250000,0.375686;0.374863;0.249452,4.529347661687549,4.530248517922036,4.530248517922035,4.447303884812352,730.5899483557828,4.649771875585584,1.150060579349834,0.921,0.947,0.9205,0.934,1.0601251332049737,1.1034717549290987,0.9217993836501173,1.0422202237734022
S-B,3,proportional,f1,3000,2000,1127;1125;748,0.375667;0.375000;0.249333,0.375686;0.374863;0.249452,1.0539209462059538,1.053931675608464,1.053931675608464,1.0685036501146659,32.105288550833016,1.0551703622873179,0.10652123350124082,0.9255,0.9405,0.9255,0.911,0.09907218786455489,0.10344932503538953,0.9300698518798212,1.0296948140048319
S-B,3,proportional,f2,3000,2000,1127;1125;748,0.375667;0.375000;0.249333,0.375686;0.374863;0.249452,4.530311591093286,4.530248517922036,4.530248517922035,4.447303884812352,731.3305849808543,4.55681891038163,0.5072711747502113,0.932,0.942,0.932,0.9375,0.4828358409614208,0.49373764456468655,0.9518298397285774,1.0274103672962933
S-B,3,proportional,f1,15000,2000,5635;5623;3742,0.375667;0.374867;0.249467,0.375686;0.374863;0.249452,1.0539358959857104,1.053931675608464,1.053931675608464,1.0685036501146659,32.104859272876624,1.0520326372923094,0.048099845380708627,0.937,0.945,0.937,0.904,0.04535766851765463,0.04626363530382268,0.9429899027460533,1.039690138157695
S-B,3,proportional,f2,15000,2000,5635;5623;3742,0.375667;0.374867;0.249467,0.375686;0.374863;0.249452,4.530223709118657,4.530248517922036,4.530248517922035,4.447303884812352,731.262977590879,4.530492802400075,0.22002704283079916,0.9445,0.955,0.9445,0.954,0.2182711296079459,0.22079598087991834,0.9920195572314101,0.9965174273279124
S-B,4,data,f1,600,2000,218;193;189,0.363333;0.321667;0.315000,0.363530;0.320995;0.315475,0.9871272861347304,0.9871448498523645,0.959140865501459,0.9931701820974386,39.66216436380324,0.9799391746167072,0.2539465944237415,0.863,0.955,0.884,0.858,0.22113489676337053,0.25710621788087,0.8707929211067876,0.9877108244087954
S-B,4,data,f2,600,2000,218;193;189,0.363333;0.321667;0.315000,0.363530;0.320995;0.315475,3.4793621824041723,3.4793121641241505,3.5633711836326905,3.4623409472113975,512.0494948660164,3.5426158567758956,0.9755627709838731,0.8885,0.9505,0.871,0.8925,0.8417075113199393,0.9238050794278487,0.8627917509306569,1.0560266366884234
S-B,4,data,f1,3000,2000,1091;963;946,0.363667;0.321000;0.315333,0.363530;0.320995;0.315475,0.9871112010912292,0.9871448498523645,0.959140865501459,0.9931701820974386,39.662871987878866,0.9906668254074744,0.11169941035580425,0.9295,0.9575,0.9465,0.9245,0.10985360049367872,0.11498242182739479,0.9834752049608325,0.9714477098376062
S-B,4,data,f2,3000,2000,1091;963;946,0.363667;0.321000;0.315333,0.363530;0.320995;0.315475,3.4794079925118067,3.4793121641241505,3.5633711836326905,3.4623409472113975,512.0910817127922,3.503171261186075,0.40921742568700226,0.929,0.9565,0.9045,0.9345,0.39877671343200377,0.41315496758189585,0.9744861494168524,0.9904695762998106
S-B,4,data,f1,15000,2000,5453;4815;4732,0.363533;0.321000;0.315467,0.363530;0.320995;0.315475,0.9871434841665259,0.9871448498523645,0.959140865501459,0.9931701820974386,39.66143286977683,0.9876534829579987,0.05177410289321267,0.942,0.9495,0.9375,0.9345,0.050544482571427504,0.051420769389924424,0.9762502824178076,1.0068714161122116
S-B,4,data,f2,15000,2000,5453;4815;4732,0.363533;0.321000;0.315467,0.363530;0.320995;0.315475,3.479316053234167,3.4793121641241505,3.5633711836326905,3.4623409472113975,512.0074666745796,3.4832657914413607,0.18372379545554784,0.9425,0.948,0.894,0.949,0.18205984968141398,0.18475343328782456,0.9909432212087277,0.9944269623900701
S-B,4,proportional,f1,600,2000,257;257;86,0.428333;0.428333;0.143333,0.428824;0.428445;0.142731,0.959288685841432,0.9591408655014593,0.959140865501459,0.9931701820974386,40.80351610217037,0.9463947240144557,0.2562799008820758,0.854,0.961,0.8545,0.824,0.2238068959027454,0.260779332329623,0.8732908633585259,0.9827462114909477
S-B,4,proportional,f2,600,2000,257;257;86,0.428333;0.428333;0.143333,0.428824;0.428445;0.142731,3.5629036197771575,3.5633711836326913,3.5633711836326905,3.4623409472113975,589.7644664192356,3.624511830769915,1.0226503966936136,0.887,0.948,0.887,0.9095,0.9099213609397708,0.9914336979170079,0.8897677680287289,1.0314864209701484
S-B,4,proportional,f1,3000,2000,1286;1285;429,0.428667;0.428333;0.143000,0.428824;0.428445;0.142731,0.9591966915253535,0.9591408655014593,0.959140865501459,0.9931701820974386,40.80694492609311,0.9599392217010957,0.1124569333193896,0.929,0.9675,0.929,0.8845,0.10997528424148952,0.11662896284956138,0.9779324492972619,0.9642281863077764
S-B,4,proportional,f2,3000,2000,1286;1285;429,0.428667;0.428333;0.143000,0.428824;0.428445;0.142731,3.563194571495759,3.5633711836326913,3.5633711836326905,3.4623409472113975,590.0411781470252,3.5798672313627016,0.4433743927696123,0.9325,0.953,0.932,0.9545,0.42372876112415553,0.44348663194697885,0.9556906488831323,0.9997469164360744
S-B,4,proportional,f1,15000,2000,6432;6427;2141,0.428800;0.428467;0.142733,0.428824;0.428445;0.142731,0.9591451448792534,0.9591408655014593,0.959140865501459,0.9931701820974386,40.808867643030254,0.9576325019281753,0.051998886554172834,0.935,0.957,0.935,0.838,0.051273141562884615,0.05215928657681216,0.9860430667004354,0.9969248041304569
S-B,4,proportional,f2,15000,2000,6432;6427;2141,0.428800;0.428467;0.142733,0.428824;0.428445;0.142731,3.5633576439747796,3.5633711836326913,3.5633711836326905,3.4623409472113975,590.1963125926516,3.5635304913897943,0.19992408244402224,0.936,0.953,0.936,0.95,0.19586099604962004,0.1983593225424762,0.9796768536099705,1.007888512027011
