name,level,group,n,n_eff,K_eff,alpha_cv,s2,v_cv,v_cv_fold,v_cv_delta,v_cv_delta_cl,n_clusters,alpha_shift,v_shift,Z_heur,factor_cv_heur,Z_bs1,a_bs1,factor_cv_bs1,Z_bsmean,a_bsmean,theta_bsmean,factor_cv_bsmean,Z_shift_bs1,a_shift_bs1,factor_shift_bs1,Z_bs1_cl,a_bs1_cl,factor_cv_bs1_cl,Z_zcv,factor_cv_zcv,dev_lag,duan_S,isotonic,has_record,n_estimators_cap
random_forest__per_dy__log1p__two_stage,dy,2,28988.0,16192.0,3.0,1.8978236922759977,0.0765560921395798,0.0015059768251372,0.0255186973798599,0.0015059768251372,0.0015059768251372,28988.0,1.897763574672485,0.0015057746036131,1.0,1.8978236922759977,0.9997864169042796,7.049505340609814,1.89763193231239,0.9989658215631424,1.4547000041401512,2.9952718747467992,1.898958649521877,0.9997855599273014,7.020384232539891,1.897571058186266,0.9997864169042796,7.049505340609814,1.89763193231239,0.9,1.8080413230483976,,,,,
random_forest__per_dy__log1p__two_stage,dy,3,25377.0,4799.0,3.0,2.317983855418785,0.3839123930756257,0.0074787307567968,0.1279707976918752,0.0074787307567968,0.0074787307567968,25377.0,2.317725027334523,0.0074757508156213,1.0,2.317983855418785,0.9989402369792584,7.049505340609814,2.316587104866878,0.9948852143870608,1.4547000041401512,2.9952718747467992,2.32144803843586,0.9989362692436492,7.020384232539891,2.316323322694534,0.9989402369792584,7.049505340609814,2.316587104866878,0.9,2.1861854698769063,,,,,
random_forest__per_dy__log1p__two_stage,dy,4,21277.0,1929.0,3.0,2.6982173445233526,0.220018918290991,0.0304192123728281,0.0733396394303303,0.0304192123728281,0.0304192123728281,21277.0,2.6975237937419903,0.0303936870871125,1.0,2.6982173445233526,0.995703455291764,7.049505340609814,2.6909208777783062,0.9795173262627012,1.4547000041401512,2.9952718747467992,2.704301815548106,0.995689314365936,7.020384232539891,2.6902063023108247,0.995703455291764,7.049505340609814,2.6909208777783062,0.9,2.5283956100710174,,,,,
random_forest__per_dy__log1p__two_stage,dy,5,17162.0,753.0,3.0,4.219651858871944,7.245216135080656,0.7528037172500819,2.415072045026885,0.7528037172500819,0.7528037172500818,17162.0,4.216334353770645,0.7512692797674868,0.138038496791934,1.4444359027920393,0.9035152655877272,7.049505340609814,3.909004604368704,0.6589796384234479,1.4547000041401512,2.9952718747467992,3.802113353978494,0.9033321186311564,7.020384232539891,3.9054181260178074,0.9035152655877272,7.049505340609814,3.909004604368704,0.9,3.89768667298475,,,,,
random_forest__per_dy__log1p__two_stage,dy,6,12899.0,236.0,3.0,6.293069746736249,5.027881167440233,4.715826000294465,1.6759603891467445,4.715826000294465,4.715826000294465,12899.0,6.283244017451684,4.698573942351755,0.1989881956155143,2.053258398170114,0.5991760993675501,7.049505340609814,4.171480884529812,0.235749756681147,1.4547000041401512,2.9952718747467992,3.772726920651917,0.5990621459492326,7.020384232539891,4.164991498668051,0.5991760993675501,7.049505340609814,4.171480884529812,0.9,5.763762772062624,,,,,
random_forest__per_dy__log1p__two_stage,dy,7,9190.0,82.0,3.0,4.0874652668546005,5.06662105057129,1.5685948523645743,1.6888736835237632,1.5685948523645743,1.5685948523645752,9190.0,4.082261649038593,1.5629661229459006,0.1975903614457831,1.6100533780291018,0.8179883248928438,7.049505340609814,3.525510541799232,0.4811637875843677,1.4547000041401512,2.9952718747467992,3.5207957840680075,0.8179072205823479,7.020384232539891,3.5210040584727196,0.8179883248928438,7.049505340609814,3.525510541799232,0.9,3.7787187401691407,,,,,
random_forest__per_dy__log1p__two_stage,dy,8,5691.0,20.0,3.0,2.925564607402686,2.920367828346885,0.6269313681315498,0.9734559427822947,0.6269313681315498,0.6269313681315499,5691.0,2.904286929063603,0.6132111331627917,0.3448275862068966,1.663987795656099,0.9183304191881572,7.049505340609814,2.7683045530899877,0.6988269025522157,1.4547000041401512,2.9952718747467992,2.946558561023333,0.9196694213164724,7.020384232539891,2.7513144580724456,0.9183304191881572,7.049505340609814,2.7683045530899877,0.9,2.733008146662417,,,,,
random_forest__per_dy__log1p__two_stage,type,__global__,28988.0,16192.0,3.0,1.8978236922759977,0.0765560921395798,0.0015059768251372,0.0255186973798599,0.0015059768251372,0.0015059768251372,28988.0,1.897763574672485,0.0015057746036131,1.0,,,,,,,,,,,,,,,,,2.0,,,,
random_forest__per_dy__log1p__two_stage,type,Annuity,92.0,51.0,3.0,3.6164503594597366,23.799765345853828,1.1146952362733282,7.933255115284609,1.1146952362733282,1.1146952362733282,92.0,3.6164195702915234,1.1146674834591397,0.0420445177246496,1.1100073935139707,0.7639751716786958,3.608092803448818,2.998903112557038,0.4594479495551811,0.947447040970923,2.620725844673713,3.078209431313979,0.763922970329056,3.606958695135276,2.9987430097641727,0.7639751716786958,3.608092803448818,2.998903112557038,,,2.0,,,,
random_forest__per_dy__log1p__two_stage,type,Bodily,2857.0,1698.0,3.0,2.8555934340757942,0.5829353176189983,0.0344254283321605,0.1943117725396661,0.0344254283321605,0.0344254283321605,2857.0,2.855509313351735,0.0344222899970833,1.0,2.8555934340757942,0.9905490031506778,3.608092803448818,2.838056226376721,0.9649390023567976,0.947447040970923,2.620725844673713,2.847358742077303,0.9905469133447918,3.606958695135276,2.837969023023075,0.9905490031506778,3.608092803448818,2.838056226376721,,,2.0,,,,
random_forest__per_dy__log1p__two_stage,type,Lost,22.0,18.0,3.0,1.676565046830478,0.0062650903434418,0.1988221741667678,0.0020883634478139,0.1988221741667678,0.1988221741667679,22.0,1.6765350016082945,0.1988041256134346,0.36,1.2435634168589722,0.947773413555115,3.608092803448818,1.6412303639265984,0.8265484481820571,0.947447040970923,2.620725844673713,1.8403312023820544,0.9477623449024276,3.606958695135276,1.6411943995328446,0.947773413555115,3.608092803448818,1.6412303639265984,,,2.0,,,,
random_forest__per_dy__log1p__two_stage,type,Material,22070.0,12754.0,3.0,1.5894491557793142,0.0176244534183997,0.0005003077710805,0.0058748178061332,0.0005003077710805,0.0005003077710805,22070.0,1.5894116726435334,0.0005002440507859,1.0,1.5894491557793142,0.9998613565576222,3.608092803448818,1.5893674325192504,0.9994722198740842,0.947447040970923,2.620725844673713,1.5899934431200329,0.99986133063211,3.606958695135276,1.589329939299461,0.9998613565576222,3.608092803448818,1.5893674325192504,,,2.0,,,,
random_forest__per_dy__log1p__two_stage,type,Remaining,39.0,27.0,3.0,2.1131777187158005,0.4961374250954373,0.2223324051973561,0.1653791416984791,0.2223324051973561,0.2223324051973562,39.0,2.113122529144632,0.2223099031356397,0.54,1.6011159681065323,0.9419562077088728,3.608092803448818,2.04856466242755,0.8099364748409399,0.947447040970923,2.620725844673713,2.209644104723236,0.9419445522217944,3.606958695135276,2.0484997022831317,0.9419562077088728,3.608092803448818,2.04856466242755,,,2.0,,,,
random_forest__per_dy__log1p__two_stage,type,Technical,3908.0,1644.0,3.0,4.313822336843842,0.0399021061009708,0.095480787120751,0.0133007020336569,0.095480787120751,0.095480787120751,3908.0,4.312879226269245,0.0954262236570036,1.0,4.313822336843842,0.9742192817866844,3.608092803448818,4.2283896169686805,0.9084492861836282,0.947447040970923,2.620725844673713,4.1588181444256715,0.9742257421229632,3.606958695135276,4.227492222775903,0.9742192817866844,3.608092803448818,4.2283896169686805,,,2.0,,,,
random_forest__per_dy__log1p__two_stage,arms,2,,,3.0,,,,,,,,,,,,,,,,,,,,,,,,,,,2.0,2.116745992301664,True,True,100.0
random_forest__per_dy__log1p__two_stage,type,__global__,25377.0,4799.0,3.0,2.317983855418785,0.3839123930756257,0.0074787307567968,0.1279707976918752,0.0074787307567968,0.0074787307567968,25377.0,2.317725027334523,0.0074757508156213,1.0,,,,,,,,,,,,,,,,,3.0,,,,
random_forest__per_dy__log1p__two_stage,type,Annuity,92.0,72.0,3.0,2.4145846937042563,1.717479993420144,0.1326648967297835,0.5724933311400481,0.1326648967297835,0.1326648967297835,92.0,2.41457656156291,0.1326633094601385,0.5853658536585366,1.8280495768024916,0.977896111564198,5.869215592085267,2.3833168714516244,0.93277259930441,1.840710473388996,3.033870428888223,2.456217663968532,0.977873632690258,5.863047943228318,2.383277120974017,0.977896111564198,5.869215592085267,2.3833168714516244,,,3.0,,,,
random_forest__per_dy__log1p__two_stage,type,Bodily,2798.0,1437.0,3.0,3.618176926986626,1.3272878094463452,0.0600090074286427,0.4424292698154484,0.0600090074286427,0.0600090074286427,2798.0,3.617948906934618,0.0599984816117139,0.7535395909805978,2.972899970676341,0.989879113799541,5.869215592085267,3.5916786562559273,0.968428267277595,1.840710473388996,3.033870428888223,3.5997293584006993,0.9898703340632125,5.863047943228318,3.5914299590677916,0.989879113799541,5.869215592085267,3.5916786562559273,,,3.0,,,,
random_forest__per_dy__log1p__two_stage,type,Material,19162.0,2644.0,3.0,1.6254873418185556,0.1057471249477162,0.0032093036264007,0.0352490416492387,0.0032093036264007,0.0032093036264007,19162.0,1.6253311404171302,0.0032076926874324,1.0,1.6254873418185556,0.9994534960117168,5.869215592085267,1.625145510491631,0.9982595210125706,1.840710473388996,3.033870428888223,1.627938602987851,0.9994531958907836,5.863047943228318,1.6249892067799292,0.9994534960117168,5.869215592085267,1.625145510491631,,,3.0,,,,
random_forest__per_dy__log1p__two_stage,type,Technical,3267.0,642.0,3.0,4.86874968515345,4.20204496001874,0.5416132416917651,1.40068165333958,0.5416132416917651,0.541613241691765,3267.0,4.8656274288351975,0.5407365249091564,0.2380422691879866,1.920925953974236,0.9155158785650084,5.869215592085267,4.5419017669513595,0.7726533811239821,1.840710473388996,3.033870428888223,4.4515960901958085,0.9155598493984872,5.863047943228318,4.539213266575015,0.9155158785650084,5.869215592085267,4.5419017669513595,,,3.0,,,,
random_forest__per_dy__log1p__two_stage,arms,3,,,3.0,,,,,,,,,,,,,,,,,,,,,,,,,,,3.0,2.9030829176779687,True,True,100.0
random_forest__per_dy__log1p__two_stage,type,__global__,21277.0,1929.0,3.0,2.6982173445233526,0.220018918290991,0.0304192123728281,0.0733396394303303,0.0304192123728281,0.0304192123728281,21277.0,2.6975237937419903,0.0303936870871125,1.0,,,,,,,,,,,,,,,,,4.0,,,,
random_forest__per_dy__log1p__two_stage,type,Annuity,76.0,65.0,3.0,2.749245308518459,2.6684552452933565,0.2424177558646455,0.8894850817644522,0.2424177558646455,0.2424177558646455,76.0,2.7492343105920938,0.2424145442287754,0.3757225433526011,1.6572308962641609,0.9725418159625386,8.586197987037846,2.701214208910493,0.930909052985542,3.266258363655288,3.13197441967634,2.775688425258359,0.9724730925522422,8.564043089591689,2.7010832996199827,0.9725418159625386,8.586197987037846,2.701214208910493,,,4.0,,,,
random_forest__per_dy__log1p__two_stage,type,Bodily,2385.0,647.0,3.0,3.38114880570602,0.0174606483832497,0.103001123231303,0.0058202161277499,0.103001123231303,0.1030011232313029,2385.0,3.3808412275229816,0.1029741554457869,1.0,3.38114880570602,0.9881460740024276,8.586197987037846,3.352922843973973,0.969429150935928,3.266258363655288,3.13197441967634,3.373531333160074,0.9881188472880048,8.564043089591689,3.352554089315767,0.9881460740024276,8.586197987037846,3.352922843973973,,,4.0,,,,
random_forest__per_dy__log1p__two_stage,type,Material,16165.0,858.0,3.0,1.7268476714016348,0.0328818996580713,0.0079294328507581,0.0109606332193571,0.0079294328507581,0.0079294328507581,16165.0,1.7262542039878042,0.0079162633091043,1.0,1.7268476714016348,0.9990773428803944,8.586197987037846,1.7261770402227472,0.9975781985201888,3.266258363655288,3.13197441967634,1.7302506094399288,0.9990764931349768,8.564043089591689,1.7255835032446694,0.9990773428803944,8.586197987037846,1.7261770402227472,,,4.0,,,,
random_forest__per_dy__log1p__two_stage,type,Technical,2602.0,350.0,3.0,6.406100429579059,3.3402323670671517,3.785817916307817,1.113410789022384,3.785817916307817,3.785817916307816,2602.0,6.396920784328096,3.772947423797862,0.2994011976047904,2.618592942987742,0.6940015316918523,8.586197987037846,4.751841978607848,0.4631626536621036,3.266258363655288,3.13197441967634,4.648427310846998,0.6941760294211934,8.564043089591689,4.7464130411655905,0.6940015316918523,8.586197987037846,4.751841978607848,,,4.0,,,,
random_forest__per_dy__log1p__two_stage,arms,4,,,3.0,,,,,,,,,,,,,,,,,,,,,,,,,,,4.0,3.3188555706876395,True,True,100.0
random_forest__per_dy__log1p__two_stage,type,__global__,17162.0,753.0,3.0,4.219651858871944,7.245216135080656,0.7528037172500819,2.415072045026885,0.7528037172500819,0.7528037172500818,17162.0,4.216334353770645,0.7512692797674868,0.138038496791934,,,,,,,,,,,,,,,,,5.0,,,,
random_forest__per_dy__log1p__two_stage,type,Annuity,61.0,49.0,3.0,11.10436141462435,166.63554645674458,20.5093479665294,55.545182152248195,20.5093479665294,20.509347966529404,61.0,11.104146283743733,20.508469238716557,0.0060012247397428,1.0606385437007462,0.5576377670534406,25.853895635704337,6.634573536752066,0.3709808392849967,12.095935381622532,4.29057363739838,6.818358345703523,0.5574419912482905,25.83227894153506,6.632475424274121,0.5576377670534405,25.853895635704333,6.6345735367520655,,,5.0,,,,
random_forest__per_dy__log1p__two_stage,type,Bodily,1977.0,281.0,3.0,3.4788388434091897,1.9319104434033867,0.6623560333447904,0.6439701478011289,0.6623560333447904,0.6623560333447903,1977.0,3.478115277982115,0.6619676616123303,0.518450184501845,2.2851544557158343,0.9750207517407932,25.853895635704337,3.4169193125451063,0.9480842683552634,12.095935381622532,4.29057363739838,3.520980649140628,0.9750146636917884,25.83227894153506,3.4161987343512146,0.9750207517407932,25.853895635704333,3.4169193125451063,,,5.0,,,,
random_forest__per_dy__log1p__two_stage,type,Material,13107.0,257.0,3.0,1.6110878861967295,0.2172730595127303,0.0294092636337331,0.0724243531709101,0.0294092636337331,0.0294092636337331,13107.0,1.6097899850541924,0.0292844978178956,1.0,1.6110878861967295,0.998863774786562,25.853895635704337,1.6103935527328062,0.9975745626624116,12.095935381622532,4.29057363739838,1.6175868109832303,0.9988676439501978,25.83227894153506,1.6090994856755074,0.998863774786562,25.853895635704333,1.6103935527328062,,,5.0,,,,
random_forest__per_dy__log1p__two_stage,type,Technical,1975.0,165.0,3.0,5.5854988151929055,14.523882673173702,5.026293591410266,4.841294224391234,5.026293591410266,5.026293591410266,1975.0,5.574493375328453,5.003823756769943,0.0688647746243739,1.3157793424485933,0.8372324225592216,25.853895635704337,4.8391282816863965,0.7064463044311236,12.095935381622532,4.29057363739838,5.2053687437661385,0.8377283988924776,25.83227894153506,4.8321830110581505,0.8372324225592216,25.853895635704333,4.8391282816863965,,,5.0,,,,
random_forest__per_dy__log1p__two_stage,arms,5,,,3.0,,,,,,,,,,,,,,,,,,,,,,,,,,,5.0,3.710917259795282,True,True,100.0
random_forest__per_dy__log1p__two_stage,type,__global__,12899.0,236.0,3.0,6.293069746736249,5.027881167440233,4.715826000294465,1.6759603891467445,4.715826000294465,4.715826000294465,12899.0,6.283244017451684,4.698573942351755,0.1989881956155143,,,,,,,,,,,,,,,,,6.0,,,,
random_forest__per_dy__log1p__two_stage,type,Annuity,50.0,38.0,3.0,13.29716729724722,85.09282540740102,35.40643764066636,28.36427513580034,35.40643764066636,35.40643764066637,50.0,13.296918356409998,35.40497966184318,0.0117537890504175,1.1445383103295377,0.5254425216674945,39.2029390044496,7.461454594032627,0.406954038216188,24.29624970951471,4.381979378569716,8.010051103531698,0.525097831796336,39.147174512907995,7.457085166727453,0.5254425216674944,39.20293900444959,7.461454594032626,,,6.0,,,,
random_forest__per_dy__log1p__two_stage,type,Bodily,1559.0,99.0,3.0,1.501226727473105,0.0660643471962739,0.1178575944315975,0.0220214490654246,0.1178575944315975,0.1178575944315975,1559.0,1.5009607496642097,0.1177321891250944,1.0,1.501226727473105,0.9970026651384029,39.2029390044496,1.4997243831292857,0.9951725617912498,24.29624970951471,4.381979378569716,1.515133382890967,0.997001592541184,39.147174512907995,1.4994586652158424,0.9970026651384029,39.20293900444959,1.4997243831292857,,,6.0,,,,
random_forest__per_dy__log1p__two_stage,type,Material,9842.0,52.0,3.0,1.3792533164797174,0.5097402196750161,0.1519786223680979,0.1699134065583387,0.1519786223680979,0.1519786223680979,9842.0,1.3754900694705503,0.1489932335572344,1.0,1.3792533164797174,0.9961382558640008,39.2029390044496,1.3777887372087436,0.9937836549828888,24.29624970951471,4.381979378569716,1.3979192976735404,0.996208453849278,39.147174512907995,1.3740663815430152,0.9961382558640008,39.20293900444959,1.3777887372087436,,,6.0,,,,
random_forest__per_dy__log1p__two_stage,type,Technical,1411.0,47.0,3.0,9.543821552168009,270.37326739592953,32.12424168690682,90.12442246530983,32.12424168690682,32.12424168690682,1411.0,9.52106542246348,31.954308326933575,0.0036987487211773,1.0316014490400485,0.5496213172098683,39.2029390044496,5.695866455508642,0.4306281123786118,24.29624970951471,4.381979378569716,6.604813730182659,0.5505816890076441,39.147174512907995,5.691542592444578,0.5496213172098683,39.20293900444959,5.695866455508642,,,6.0,,,,
random_forest__per_dy__log1p__two_stage,arms,6,,,3.0,,,,,,,,,,,,,,,,,,,,,,,,,,,6.0,4.843060787121692,True,True,100.0
random_forest__per_dy__log1p__two_stage,type,__global__,9190.0,82.0,3.0,4.0874652668546005,5.06662105057129,1.5685948523645743,1.6888736835237632,1.5685948523645743,1.5685948523645752,9190.0,4.082261649038593,1.5629661229459006,0.1975903614457831,,,,,,,,,,,,,,,,,7.0,,,,
random_forest__per_dy__log1p__two_stage,type,Annuity,41.0,29.0,3.0,4.7287246999073655,15.971395751315823,2.589329775322914,5.323798583771941,2.589329775322914,2.5893297753229136,41.0,4.72868927918587,2.589275405815336,0.0626349892008639,1.2335486313116923,0.4908404536343108,2.4961680687324397,2.830208923179991,0.2061508040303347,0.6724103492105851,2.1686827653835694,2.696437468537024,0.490026787425078,2.4880018745769865,2.827157628785782,0.4908404536343108,2.4961680687324397,2.830208923179991,,,7.0,,,,
random_forest__per_dy__log1p__two_stage,type,Bodily,1094.0,25.0,3.0,1.2998107081558616,1.5561397474542624,0.3140263338889044,0.5187132491514208,0.3140263338889044,0.3140263338889045,1094.0,1.2993479684171796,0.3130094743701938,0.5,1.149905354077931,0.8882545870862238,2.4961680687324397,1.266308236777013,0.6816558637071362,0.6724103492105851,2.1686827653835694,1.57641103276302,0.8882512652125294,2.4880018745769865,1.26589621168536,0.8882545870862238,2.4961680687324397,1.266308236777013,,,7.0,,,,
random_forest__per_dy__log1p__two_stage,type,Material,7013.0,15.0,3.0,2.3878128872674087,7.726640312815364,1.2684601346025677,2.5755467709384545,1.2684601346025677,1.268460134602568,7013.0,2.331352312168411,1.164232217744016,0.1304347826086956,1.1810190722522709,0.6630583244637904,2.4961680687324397,1.9202008877007832,0.3464478206137313,0.6724103492105851,2.1686827653835694,2.244599918541047,0.6812273834823813,2.4880018745769865,1.9069536521117056,0.6630583244637904,2.4961680687324397,1.9202008877007832,,,7.0,,,,
random_forest__per_dy__log1p__two_stage,type,Technical,1017.0,13.0,3.0,2.1066331111236227,21.678042581251127,2.987447282380699,7.226014193750376,2.987447282380699,2.987447282380699,1017.0,2.102145641787242,2.961432345500434,0.0462633451957295,1.0511965496249362,0.4552048072127695,2.4961680687324397,1.5037447120042962,0.1837258213014764,0.6724103492105851,2.1686827653835694,2.157282641693188,0.4565615023685228,2.4880018745769865,1.503197270043303,0.4552048072127695,2.4961680687324397,1.5037447120042962,,,7.0,,,,
random_forest__per_dy__log1p__two_stage,arms,7,,,3.0,,,,,,,,,,,,,,,,,,,,,,,,,,,7.0,7.2478344843717775,True,True,100.0
random_forest__per_dy__log1p__two_stage,type,__global__,5691.0,20.0,3.0,2.925564607402686,2.920367828346885,0.6269313681315498,0.9734559427822947,0.6269313681315498,0.6269313681315499,5691.0,2.904286929063603,0.6132111331627917,0.3448275862068966,,,,,,,,,,,,,,,,,8.0,,,,
random_forest__per_dy__log1p__two_stage,type,Annuity,24.0,13.0,3.0,3.7533962229628446,6.347874554134353,1.1985233425312756,2.115958184711451,1.1985233425312756,1.1985233425312751,24.0,3.753205043829657,1.1983475121659644,0.1585365853658536,1.436514035347768,0.8419082990556089,6.382667418094783,3.3181071307007866,0.0,0.0,3.7533962229628446,3.7533962229628446,0.8419095391070132,6.381790501203099,3.3179495895177307,0.8419082990556089,6.382667418094783,3.3181071307007866,,,8.0,,,,
random_forest__per_dy__log1p__two_stage,arms,8,,,3.0,,,,,,,,,,,,,,,,,,,,,,,,,,,8.0,3.0326871520177794,True,True,100.0
random_forest__per_dy__log1p__two_stage,type,__global__,2698.0,9.0,2.0,2.4636533572415087,0.0609077020040135,0.9490563007080411,0.0304538510020067,0.9490563007080411,0.9490563007080411,2698.0,2.4336688192006717,0.91196180413798,0.18,,,,,,,,,,,,,,,,,9.0,,,,
random_forest__per_dy__log1p__two_stage,arms,9,,,2.0,,,,,,,,,,,,,,,,,,,,,,,,,,,9.0,,False,True,100.0
random_forest__per_dy__log1p__two_stage,arms,10,,,,,,,,,,,,,,,,,,,,,,,,,,,,,,10.0,,False,False,
