scenario,name,arm,n_seeds,mean_error_pct,sd_error_pct,rmse_error_pct,mean_error_vs_oracle_pct,rmse_vs_oracle_pct
S-A,chain_ladder_rbns_cohort,none,30,2.286396129633521,9.436158681336781,9.555137966856284,1.4628131052042326,8.002911451825613
S-A,chain_ladder_total,none,30,2.087012326217674,8.388549788869218,8.507514076280513,,
S-A,random_forest__multi_step__log1p__two_stage,cv_dy,30,4.397862606737856,6.694986157995781,7.916434835726646,3.5938245960063964,6.334354460998859
S-A,random_forest__multi_step__log1p__two_stage,cv_dy_bs1,30,3.556214119017415,6.575941148178398,7.378904217099433,2.7604834729481893,5.825916518431825
S-A,random_forest__multi_step__log1p__two_stage,cv_dy_bsmean,30,4.273783681838027,6.7575813089802175,7.89987142944161,3.4736581628936656,6.378369897349415
S-A,random_forest__multi_step__log1p__two_stage,cv_dy_heur,30,4.051585630464023,6.63577514062637,7.679913678814299,3.2462477746059863,6.024407638563034
S-A,random_forest__multi_step__log1p__two_stage,cv_dy_zcv,30,1.7621698698035289,7.323669705103377,7.413063424422507,0.9636314604055448,5.884426640401473
S-A,random_forest__multi_step__log1p__two_stage,cv_global,30,4.397862606737856,6.694986157995781,7.916434835726646,3.5938245960063964,6.334354460998859
S-A,random_forest__multi_step__log1p__two_stage,cv_type,30,5.910402435638337,6.729652977978356,8.8719489693685,5.0983032228006575,7.340911912835112
S-A,random_forest__multi_step__log1p__two_stage,cv_type_bs1,30,4.351060376716443,6.544580172049015,7.767595405009822,3.549424741386793,6.188617273269511
S-A,random_forest__multi_step__log1p__two_stage,duan,30,9.626946543830082,7.138200718101569,11.913586596820352,8.789942166439126,10.496201043895523
S-A,random_forest__multi_step__log1p__two_stage,insample_global,30,3.083687471723694,6.967929788589297,7.512840504364429,2.2891414424233507,6.027459112185415
S-A,random_forest__multi_step__log1p__two_stage,iso_global,30,5.971948086143818,6.6046692371500635,8.822231264520406,5.1578844511286235,7.256407844539343
S-A,random_forest__multi_step__log1p__two_stage,none,30,-41.89512232539656,3.819913921427085,42.063126674259685,-42.3472363021719,42.44727476811765
S-A,random_forest__multi_step__log1p__two_stage,paper,30,5.1030375961884715,6.751509197684915,8.372839419196826,4.291912005777289,6.767657264637393
S-A,random_forest__multi_step__log1p__two_stage,shift_dy_bs1,30,3.5596179821171776,6.574493649759272,7.379298614207595,2.7638779919134193,5.82615395297707
S-A,random_forest__multi_step__log1p__two_stage,shift_global,30,4.400694666246192,6.693447914066344,7.916751250222708,3.5966522799039637,6.334603596525987
S-A,random_forest_poisson__multi_step__raw__two_stage,cv_dy,30,8.909617981520844,7.936267645074005,11.84340147816833,8.086596555221556,10.603337803271156
S-A,random_forest_poisson__multi_step__raw__two_stage,cv_dy_bs1,30,8.961812499073494,7.805235945887233,11.798519730619645,8.148956368463306,10.656687589479727
S-A,random_forest_poisson__multi_step__raw__two_stage,cv_dy_bsmean,30,8.738000083627314,7.8882085139884195,11.683422068738752,7.917511127932274,10.453338921942306
S-A,random_forest_poisson__multi_step__raw__two_stage,cv_dy_heur,30,9.296946113803747,7.966574220248716,12.15664297230713,8.475555784514642,10.96327558187977
S-A,random_forest_poisson__multi_step__raw__two_stage,cv_dy_zcv,30,10.229596497562577,8.419320141789065,13.15928434342898,9.41737397687291,12.148267260161525
S-A,random_forest_poisson__multi_step__raw__two_stage,cv_global,30,8.909617981520844,7.936267645074005,11.84340147816833,8.086596555221556,10.603337803271156
S-A,random_forest_poisson__multi_step__raw__two_stage,cv_type,30,11.578373915497798,8.287834776058585,14.158295835298032,10.730759339171302,12.883663694767886
S-A,random_forest_poisson__multi_step__raw__two_stage,cv_type_bs1,30,10.807032091228281,8.064184117456035,13.403555719225915,9.974173346433941,12.206891060568621
S-A,random_forest_poisson__multi_step__raw__two_stage,duan,30,10.441459486999607,8.260162761331895,13.228001440160634,9.638527062255097,12.310100756743104
S-A,random_forest_poisson__multi_step__raw__two_stage,insample_global,30,11.085339822675598,7.933331884142745,13.55450436602859,10.27166979658313,12.554693035543933
S-A,random_forest_poisson__multi_step__raw__two_stage,iso_global,30,8.893217231105199,6.895127071712793,11.18245638534713,8.0656717217388,9.80771967289228
S-A,random_forest_poisson__multi_step__raw__two_stage,none,30,10.441459486999607,8.260162761331895,13.228001440160634,9.638527062255097,12.310100756743104
S-A,random_forest_poisson__multi_step__raw__two_stage,paper,30,10.441459486999607,8.260162761331895,13.228001440160634,9.638527062255097,12.310100756743104
S-A,random_forest_poisson__multi_step__raw__two_stage,shift_dy_bs1,30,8.96298753736712,7.805256746531928,11.799425581144664,8.150130340743432,10.657662271379357
S-A,random_forest_poisson__multi_step__raw__two_stage,shift_global,30,8.911175635530082,7.936152905614489,11.844499006592969,8.08815233887349,10.604522370042268
S-B,chain_ladder_rbns_cohort,none,10,-34.2171522385318,2.7350629402826,34.315390419947704,-34.39214859160131,34.55924078456253
S-B,chain_ladder_total,none,10,-34.063212284882376,2.19356611844747,34.12671959402723,,
S-B,random_forest__multi_step__log1p__two_stage,cv_dy,10,0.9368866200203797,7.488582093042118,7.1658029645379715,0.515122345226293,5.544855572994119
S-B,random_forest__multi_step__log1p__two_stage,cv_dy_bs1,10,-0.05312829358032012,7.356020742154644,6.978736250832752,-0.4700229678852489,5.4240680550912534
S-B,random_forest__multi_step__log1p__two_stage,cv_dy_bsmean,10,1.2469038208799357,7.289616886679558,7.027050025268951,0.8281269342563565,5.420755317313942
S-B,random_forest__multi_step__log1p__two_stage,cv_dy_heur,10,1.0024442705992525,7.5274814528714415,7.211211676039503,0.5799724220814817,5.582373239416732
S-B,random_forest__multi_step__log1p__two_stage,cv_dy_zcv,10,-1.4348705177454637,7.667218578430042,7.413937554307808,-1.8488599513120874,6.037705259329032
S-B,random_forest__multi_step__log1p__two_stage,cv_global,10,0.9368866200203797,7.488582093042118,7.1658029645379715,0.515122345226293,5.544855572994119
S-B,random_forest__multi_step__log1p__two_stage,cv_type,10,5.52631595958108,7.592660653051825,9.078756208770105,5.101380903220757,7.723715664168204
S-B,random_forest__multi_step__log1p__two_stage,cv_type_bs1,10,2.961415637333716,7.397386292024596,7.617031845485137,2.539642455700842,6.061322003208516
S-B,random_forest__multi_step__log1p__two_stage,duan,10,8.914118598348836,9.18163682569656,12.463294897598994,8.495573114026772,11.500810238808134
S-B,random_forest__multi_step__log1p__two_stage,insample_global,10,1.084988690095058,6.286268362482215,6.061571858046766,0.6998318973260125,4.867941172469797
S-B,random_forest__multi_step__log1p__two_stage,iso_global,10,3.827329558442514,7.005349774271764,7.669151482584517,3.409503283567722,6.1677468087515255
S-B,random_forest__multi_step__log1p__two_stage,none,10,-42.6223100616075,4.376295543276375,42.82403625771044,-42.85691329616622,42.99006516217516
S-B,random_forest__multi_step__log1p__two_stage,paper,10,2.0606896381660476,7.640750157271823,7.535874100202934,1.628102230595419,5.784819910060914
S-B,random_forest__multi_step__log1p__two_stage,shift_dy_bs1,10,-0.0917991748251799,7.349527966938262,6.972978724449508,-0.5084691126957855,5.422248306056304
S-B,random_forest__multi_step__log1p__two_stage,shift_global,10,0.8937165864987493,7.481123752333161,7.153266433940095,0.47220248653794605,5.534825802760395
S-B,random_forest_poisson__multi_step__raw__two_stage,cv_dy,10,2.4308553114773774,5.627781030424558,5.866326358045861,2.0862122818317252,5.404031878100702
S-B,random_forest_poisson__multi_step__raw__two_stage,cv_dy_bs1,10,2.9156128863755035,5.505546099997304,5.981699806616416,2.575096024841934,5.609797938433206
S-B,random_forest_poisson__multi_step__raw__two_stage,cv_dy_bsmean,10,2.3718138335500716,5.562777741503447,5.785805686527076,2.0312502935221675,5.397850292145436
S-B,random_forest_poisson__multi_step__raw__two_stage,cv_dy_heur,10,3.2168406663879088,5.661399830654821,6.2605404807581575,2.879974208123532,5.975235196131638
S-B,random_forest_poisson__multi_step__raw__two_stage,cv_dy_zcv,10,4.893763414203234,5.657463100618217,7.263272004789929,4.581408843473318,7.424826190070637
S-B,random_forest_poisson__multi_step__raw__two_stage,cv_global,10,2.4308553114773774,5.627781030424558,5.866326358045861,2.0862122818317252,5.404031878100702
S-B,random_forest_poisson__multi_step__raw__two_stage,cv_type,10,7.16839615758509,6.227815750617167,9.289403834119412,6.814608678428537,8.872342500670854
S-B,random_forest_poisson__multi_step__raw__two_stage,cv_type_bs1,10,6.082575210999706,6.621918960899604,8.744286754774093,5.744934823794667,8.528753222707541
S-B,random_forest_poisson__multi_step__raw__two_stage,duan,10,4.889922086380788,5.654854667969981,7.258855363977872,4.577728614239085,7.422940142536723
S-B,random_forest_poisson__multi_step__raw__two_stage,insample_global,10,5.232731732197735,5.555806962572923,7.427097231488592,4.904196772278876,7.336556416902633
S-B,random_forest_poisson__multi_step__raw__two_stage,iso_global,10,4.365054666015158,5.736941093951204,6.976743225977299,4.001424640045008,6.25529029020919
S-B,random_forest_poisson__multi_step__raw__two_stage,none,10,4.889922086380788,5.654854667969981,7.258855363977872,4.577728614239085,7.422940142536723
S-B,random_forest_poisson__multi_step__raw__two_stage,paper,10,4.889922086380788,5.654854667969981,7.258855363977872,4.577728614239085,7.422940142536723
S-B,random_forest_poisson__multi_step__raw__two_stage,shift_dy_bs1,10,2.9187534538766817,5.5048061378252475,5.9826184299227805,2.5782574218392518,5.61120412934047
S-B,random_forest_poisson__multi_step__raw__two_stage,shift_global,10,2.4353014032841442,5.6266483090745245,5.867192429045413,2.0906847288228456,5.405498956822877
S-C,chain_ladder_rbns_cohort,none,10,-0.24671796323293127,8.290864948575951,7.869273612561365,-1.7505900433627049,6.966322537804077
S-C,chain_ladder_total,none,10,-0.8955501125455327,7.663639459242126,7.325315200672799,,
S-C,random_forest__multi_step__log1p__two_stage,cv_dy,10,-12.543190379158917,5.9448089610126775,13.752756200575497,-13.847853414166073,14.601398484421523
S-C,random_forest__multi_step__log1p__two_stage,cv_dy_bs1,10,-13.263866352745097,5.778839024320558,14.352199589108029,-14.552430084404662,15.25081509963199
S-C,random_forest__multi_step__log1p__two_stage,cv_dy_bsmean,10,-12.587398096658536,5.975907705354425,13.805177161354571,-13.886774639655595,14.677597250914621
S-C,random_forest__multi_step__log1p__two_stage,cv_dy_heur,10,-12.65748819092341,5.864917288608508,13.826407220437371,-13.956498027408813,14.699946195909224
S-C,random_forest__multi_step__log1p__two_stage,cv_dy_zcv,10,-14.835705474943603,6.580291948560082,16.095601102622037,-16.13135512065083,16.873772096534562
S-C,random_forest__multi_step__log1p__two_stage,cv_global,10,-12.543190379158917,5.9448089610126775,13.752756200575497,-13.847853414166073,14.601398484421523
S-C,random_forest__multi_step__log1p__two_stage,cv_type,10,-11.330191731263145,5.504721182262251,12.475776706569647,-12.64164453601154,13.355104365228843
S-C,random_forest__multi_step__log1p__two_stage,cv_type_bs1,10,-12.62475194242579,5.218145853307727,13.560623257783439,-13.912101666847098,14.50947619768547
S-C,random_forest__multi_step__log1p__two_stage,duan,10,-6.346087090037387,6.354599844246352,8.753037565141907,-7.714789372856778,9.457792915085879
S-C,random_forest__multi_step__log1p__two_stage,insample_global,10,-13.365300542536897,6.240498368101844,14.617821194911047,-14.64690295714505,15.539694280202967
S-C,random_forest__multi_step__log1p__two_stage,iso_global,10,-14.093697269274719,5.694882100548126,15.09373435049096,-15.37347118549324,15.99639031645044
S-C,random_forest__multi_step__log1p__two_stage,none,10,-51.16348235979179,3.1479182902464573,51.25056465822193,-51.88547766649641,51.94711487561402
S-C,random_forest__multi_step__log1p__two_stage,paper,10,-11.78241559656794,5.523182312922267,12.894972115745233,-13.084331469454844,13.8018248071108
S-C,random_forest__multi_step__log1p__two_stage,shift_dy_bs1,10,-13.266610903670374,5.778025220437144,14.35444122118979,-14.55511662599451,15.253225648587776
S-C,random_forest__multi_step__log1p__two_stage,shift_global,10,-12.546351982363007,5.943877999767029,13.7552777207095,-13.850948042899901,14.60414796061762
S-C,random_forest_poisson__multi_step__raw__two_stage,cv_dy,10,-8.848518585902521,5.666309823666203,10.353387922852155,-10.13859357166298,11.524394990496235
S-C,random_forest_poisson__multi_step__raw__two_stage,cv_dy_bs1,10,-8.773196658369201,5.982674263862582,10.44902540044553,-10.040723383757106,11.740694031272794
S-C,random_forest_poisson__multi_step__raw__two_stage,cv_dy_bsmean,10,-8.918196907870296,5.743825047871329,10.451153508108375,-10.202012439829032,11.651871857779367
S-C,random_forest_poisson__multi_step__raw__two_stage,cv_dy_heur,10,-8.509268685506896,5.800971799225974,10.13379494542996,-9.796724481671745,11.352719247341604
S-C,random_forest_poisson__multi_step__raw__two_stage,cv_dy_zcv,10,-7.275960911036632,7.724868266938947,10.326947174568934,-8.55684927010718,11.546186460675528
S-C,random_forest_poisson__multi_step__raw__two_stage,cv_global,10,-8.848518585902521,5.666309823666203,10.353387922852155,-10.13859357166298,11.524394990496235
S-C,random_forest_poisson__multi_step__raw__two_stage,cv_type,10,-6.726490864136916,5.443322341952549,8.480121558791312,-8.055867883831459,9.558059166069063
S-C,random_forest_poisson__multi_step__raw__two_stage,cv_type_bs1,10,-7.169887486599403,5.762596458331132,9.016321462653611,-8.476212427410452,10.218685643099782
S-C,random_forest_poisson__multi_step__raw__two_stage,duan,10,-6.499319720734415,7.500901142624997,9.637340036992414,-7.75093373118723,11.160869762183603
S-C,random_forest_poisson__multi_step__raw__two_stage,insample_global,10,-6.2083270162754065,7.106586495825363,9.164962564102362,-7.476541659590043,10.639238315569079
S-C,random_forest_poisson__multi_step__raw__two_stage,iso_global,10,-11.961264235825784,5.963283071874702,13.231648144317534,-13.233767617769985,14.267745893147884
S-C,random_forest_poisson__multi_step__raw__two_stage,none,10,-6.499319720734415,7.500901142624997,9.637340036992414,-7.75093373118723,11.160869762183603
S-C,random_forest_poisson__multi_step__raw__two_stage,paper,10,-6.499319720734415,7.500901142624997,9.637340036992414,-7.75093373118723,11.160869762183603
S-C,random_forest_poisson__multi_step__raw__two_stage,shift_dy_bs1,10,-8.772357344596822,5.982867810793975,10.448420449933712,-10.039880326445301,11.740176938800007
S-C,random_forest_poisson__multi_step__raw__two_stage,shift_global,10,-8.847448793420549,5.6664880832677795,10.352561452618039,-10.13751961307302,11.52367332342003
